news_id,title,old_created_at,new_created_at,status,match_method,wp_id
e53f3f86-745f-4f6e-aafc-72f25e81879e,اندلاع حرب بين الهند وباكستان,2025-05-10 04:14:22.947213,,UNMATCHED,,
fc05ffc8-85de-4055-8628-3ba9b3a8bfd3,“الألكسو” تطلق مبادرة لدعم التعليم في فلسطين,2025-05-01 15:53:50,2025-05-01 15:53:50,SAME,guid,12779
db54a6b3-dfdd-4217-886b-bbebacfc9297,برعاية منظمة “الألكسو”…   تونس: “اللجنة الوطنية للتربية والثقافة” و”العربية الأمريكية” تنظمان ورشة لإطلاق إطار التحول الرقمي في الجامعات العربية,2025-04-30 15:00:01,2025-04-30 15:00:01,SAME,guid,12763
0d56880e-b2a3-4582-8eb3-5f93442c864f,“منظمة التحرير” و”التعليم العالي” تكرمان الفائزين بمسابقة الذاكرة والهوية,2025-04-22 13:36:18,2025-04-22 13:36:18,SAME,guid,12758
f916dea4-0dff-4e56-9bb7-f49519d8becb,إطلاق مشروع المناظرات المدرسية حول المشاركة السياسية للمرأة,2025-04-17 09:52:22,,UNMATCHED,,
7b0464b6-6be4-4806-854a-4a6367e6f948,الرئيس الفرنسي ماكرون ووزير السياحة والاثار الحايك يفتتحان معرض “كنوز أُنقِذت من غزة: 5000 عام من التاريخ” في باريس,2025-04-14 17:57:37,,UNMATCHED,,
047fed52-599b-45f5-8033-eb832de57ce0,أ.د أبو زهري يثمن قرارات “اليونسكو” الداعمة لأنشطة “الأونروا”,2025-04-11 19:09:22,,UNMATCHED,,
c6bc8ad9-44d5-41d6-a8c1-5e97d343e778,برئاسة فلسطين.. انطلاق أعمال الدورة 45 للمجلس التنفيذي “للإيسيسكو” بتونس”الإيسيسكو” تدين استهداف المؤسسات التعليمية والثقافية الفلسطينية وتدعو إلى تقديم الدعم اللازم لإعادة تأهيلها,2025-02-27 08:10:51,2025-02-27 08:10:51,SAME,guid,12696
de4c7f02-e1e9-4c2b-b546-e1af0d977eb3,أبو زهري يبحث مع “غرفة تجارة القدس” المواقع التراثية ذات الأولوية لحمايتها في المدينة,2025-02-20 10:03:06,,UNMATCHED,,
c4752397-4942-4cf6-8f60-9926c6674df8,أبو زهري يناقش مع مديرة مكتب “اليونسكو” بفلسطين مشاريعها القادمة بالضفة وغزة,2025-02-20 09:58:34,,UNMATCHED,,
79ac6172-dee9-4c21-95f0-7e67b7d00aed,“اللجنة الوطنية للتربية والثقافة” تعقد اجتماعا تنسيقيا لكراسي “اليونسكو” في فلسطين,2025-02-06 07:18:08,,UNMATCHED,,
974d0bf0-775a-4090-abed-737e75c59307,الدوحة: “اللجنة الوطنية الفلسطينية للتربية والثقافة” نائبا لرئيس لجنة ذاكرة العالم للمنطقة العربية لشؤون النزاعات والكوارث الطبيعية,2025-01-22 17:44:09,,UNMATCHED,,
91fa4b7e-b018-4e38-8633-b16334fb391b,بغداد: فلسطين تشارك في فعاليات الدورة الـ46 لمجلس اتحاد مجالس البحث العلمي العربية – أبو زهري: فلسطين فجعت باستشهاد باحثين وأكاديميين من غزة وهم نخب علمية لهم باع طويل في البحث العلمي,2024-12-20 13:24:35,,UNMATCHED,,
e9f9817f-7796-45bc-8c0a-a92cd4206abd,بتوجيهات من أمين سر اللجنة التنفيذية حسين الشيخ.. “منظمة التحرير” تكرم المتفوقين في مسابقة تحدي القراءة العربي,2024-12-12 16:05:59,2024-12-12 16:05:59,SAME,guid,12579
911b51e4-2182-4de3-99f1-00bdc999662b,أبو زهري يرحب بإدراج تقليد الصابون النابلسي على لائحة التراث الثقافي العالمي “لليونسكو”,2024-12-04 17:24:22,2024-12-04 17:24:22,SAME,guid,12574
3d289c94-d0f1-4429-a973-1506ee7ef009,أبو زهري يثمن تسجيل “الإيسيسكو” للممتلكات والعناصر الثقافية الفلسطينية على قوائم التراث بالعالم الإسلامي,2024-12-01 12:36:58,2024-12-01 12:36:58,SAME,guid,12569
30351cbb-739b-4175-bf5f-88da83476982,“اللجنة الوطنية للتربية والثقافة” تثمن قرار استجابة “اليونسكو” العاجلة ضد إغلاق “الأونروا”,2024-11-26 11:11:02,2024-11-26 11:11:02,SAME,guid,12566
a0e66c9c-6f0d-4815-9667-e3546329f6b0,باريس: أبو زهري يناقش ملفات فلسطينية بالمجالات التربوية والثقافية مع مسؤولين “باليونسكو”,2024-11-06 14:03:43,2024-11-06 14:03:43,SAME,guid,12559
553d53d8-0902-4ea1-9532-5597ed3c114a,باريس: فلسطين تشارك في فعاليات الأسبوع العربي لدى “اليونسكو”,2024-11-05 08:38:17,2024-11-05 08:38:17,SAME,guid,12553
d6ce281e-5727-4528-b9db-eead0bd481c7,أبو زهري يستقبل مديرة مكتب “اليونسكو” لدى فلسطين,2024-09-30 14:01:07,2024-09-30 14:01:07,SAME,guid,12537
2927424d-9bbc-4880-8170-0f0b08004069,تونس: “الألكسو” تعقد مؤتمر لمناقشة واقع تعليم الأطفال بالقدس بالتنسيق مع “اللجنة الوطنية الفلسطينية للتربية والثقافة”,2024-09-19 13:36:07,2024-09-19 13:36:07,SAME,guid,12499
943e684b-75b4-4c70-a190-af2d0fc9adc4,فلسطين تشارك في ملتقى الألكسو الأول للباحثين الشباب في التراث الثقافي,2024-09-18 07:27:31,2024-09-18 07:27:31,SAME,guid,12490
22fc3a9b-ce12-4d2a-8e36-1e67e4e622d6,سبسطية: “اللجنة الوطنية للتراث” تدين قرارات الاحتلال بمصادرة أراضٍ من الموقع الأثري وتعقد اجتماعها الـ2 بالموقع,2024-08-07 13:40:32,2024-08-07 13:40:32,SAME,guid,12466
1b40d260-05f8-4503-ad80-e722d726c8cd,“اللجنة الوطنية للتربية والثقافة” تدين مصادرة أراضٍ من الموقع الأثري في سبسطية,2024-07-28 17:19:05,2024-07-28 17:19:05,SAME,guid,12462
2a4c22ec-06c9-4186-8d50-e795ee287d06,أبو زهري: تسجيل موقع دير القديس هيلاريون على قائمة التراث العالمي المهدد بالخطر إنجاز وطني هام لحماية مقدراتنا الثقافية,2024-07-27 04:41:20,2024-07-27 04:41:20,SAME,guid,12459
8f9c2ca3-8eb3-4e59-aca4-95ac961d9c06,أبو زهري يرحب باعتماد لجنة التراث العالمي لمواقع ثراثية فلسطينية هامة على لائحة المواقع المهددة بالخطر,2024-07-25 10:46:47,,UNMATCHED,,
cd3c5db9-626d-4eca-86d4-e95cfda19948,الجامعة تطلق “إطار العمل للتحول الرقمي للجامعات العربية” بالشراكة مع المنظمة العربية للتربية والثقافة والعلوم,2024-06-30 16:18:34,2024-06-30 16:18:34,SAME,guid,12446
76031272-66cd-408f-a8ec-9276daf63524,أ.د أبو زهري يستقبل مديرة مكتب “اليونسكو” في فلسطين بمناسبة انتهاء مهام عملها,2024-06-13 11:08:06,,UNMATCHED,,
cb8044fe-cf47-4ced-b637-895cdf1bed3d,“التعليم العالي” و”اللجنة الوطنية للتربية والثقافة” تختتمان مشروع الكفايات التخصصية,2024-06-12 16:21:50,,UNMATCHED,,
60c2d264-f9be-4868-814d-f12c0e11f28b,وزير السياحة والآثار السيد هاني الحايك يستقبل عضو اللجنة التنفيذية لمنظمة التحرير الفلسطينية رئيس اللجنة الوطنية الفلسطينية للتربية والثقافة والعلوم أ.د.علي ابو زهري,2024-06-04 16:55:03,2024-06-04 16:55:03,SAME,guid,12416
f2e987a6-205c-433b-9f68-cfc5bddaa3f2,حمدان وأبو زهري يبحثان التعاون المشترك على صعيد المنظمات الدولية,2024-06-02 15:26:39,2024-06-02 15:26:39,SAME,guid,12412
2f27eab2-e62c-4e2d-897c-e2fe07335cbb,سفير فلسطين لدى اليونسكو يُدين سرقة الاحتلال تراث غزة وتدميره,2024-05-29 09:51:24,2024-05-29 09:51:24,SAME,guid,12404
940fb488-2f6d-42f7-8f32-8736f6196c09,أبو زهري أمام المؤتمر العام للألكسو: ندعو المنظمات للمزيد من الاهتمام ودعم القطاعات التربوية والثقافية والعلمية بفلسطين,2024-05-18 09:17:35,,UNMATCHED,,
1d4a5d2b-b0b5-47b8-907f-d3455d9b2adf,أ.د علي أبو زهري: جائزة “اليونسكو/غييرمو كانو” العالمية لحرية الصحافة رسالة تضامن دولية مع شعب يواجه الإبادة الجماعية,2024-05-03 14:49:15,,UNMATCHED,,
5669e3cf-f850-48e4-9bf9-fbf6becc0cc5,بدعم من “اليونسكو”.. “المتحدين الثقافية الاجتماعية” تفتتح مشروع مسار غزة السياحي الثقافي بالشراكة مع “اللجنة الوطنية للتربية والثقافة”,2024-04-06 11:26:43,2024-04-06 11:26:43,SAME,guid,12383
8065a486-38ce-4e98-bf9d-48970e1669f9,بتوجيهات السيد الرئيس: “الإيسيسكو” تدعم طلبة فلسطين الدارسين في الجامعات والمعاهد المصرية,2024-03-27 15:45:34,,UNMATCHED,,
a5de3d2a-ec8c-42c3-baa4-1ea300fb9f96,في يوم الثقافة الوطنية الفلسطينية، استشهاد 45 مبدعاً وناشطاً في مجال الثقافة وأكثر من 70 % من المراكز الثقافية تم تدميرها جرّاء العدوان الإسرائيلي المستمر على قطاع غزة.,2024-03-13 10:15:59,,UNMATCHED,,
158c4a6f-4314-4702-b33c-05ba98d11489,في اليوم الوطني للبيئة الفلسطينية … أوضاع بيئية كارثية نتيجة العدوان الإسرائيلي المستمر على قطاع غزة,2024-03-05 08:00:20,2024-03-05 08:00:20,SAME,guid,12355
38d8168f-5c26-48be-9961-2785ef729d9d,في اليوم العالمي للهندسة: أكثر من 110 مهندساً ومهندسة استشهدوا جرّاء العدوان الإسرائيلي المستمر على قطاع غزة,2024-03-04 15:27:40,2024-03-04 15:27:40,SAME,guid,12351
1ff11a54-28f7-49fc-9d41-d43559b95656,فلسطين تترأس اجتماع اللجنة الدولية الحكومية لحماية وتعزيز تنوع أشكال التعبير الثقافي في اليونسكو,2024-03-02 11:34:46,,UNMATCHED,,
0965c94d-d085-4617-a608-790bc57529f4,في يوم التراث الثقافي العربي: نصف المواقع الأثرية والمباني والمعالم التاريخية تقريباً طالها القصف والتدمير الممنهج في ضوء العدوان الاسرائيلي المستمر على قطاع غزة,2024-02-27 07:21:44,,UNMATCHED,,
6928dc62-23e1-49d9-8fc7-c8f1a70151f9,أ.د أبو زهري يستقبل السفير المغربي لبحث عدد من الملفات التربوية والثقافية بالمنظمات الدولية المتخصصة,2024-02-26 14:39:28,,UNMATCHED,,
13537ada-3717-4488-bfac-c3df458b00d0,في يوم المعلم العربي: أكثر من 250 شهيداً وعشرات المعتقلين من الكوادر التعليمية,2024-02-25 12:33:21,2024-02-25 12:33:21,SAME,guid,12322
41855f6e-599d-40a5-8740-3dcad9885340,دوّاس يزور جامعة “خضوري” ويبحث آفاق التعاون في مجالات الاختصاص المشتركة,2024-02-20 09:06:38,2024-02-20 09:06:38,SAME,guid,12314
3b021cf9-8fa6-41bf-8254-957df432687a,الثقافة تطلق “مشروع سينماتي.. فيلم قصير”,2024-02-19 17:02:26,2024-02-19 17:02:26,SAME,guid,12306
20700989-2eef-496c-be08-35026dbbeb6d,دوّاس يفتتح معرض “لن نعتاد المشهد”.. إبداعات أطفال غزة تحت الحرب وتفاعل أطفال جنين بالجامعة العربية الأمريكية,2024-02-19 12:45:44,2024-02-19 12:45:44,SAME,guid,12291
496aa1ea-9f4e-4aa9-a257-c8fd76fd8efc,فلسطين تحصد جوائز مسابقات الأسبوع العربي للبرمجة في دورته الثالثة,2024-02-18 16:50:48,2024-02-18 16:50:48,SAME,guid,12288
9e670b5e-3665-4846-a783-dab8fe06175e,“اللجنة الوطنية للتربية والثقافة” تكرم عميد مؤسسة “ميثاق” المستشار الرفاعي بمناسبة انتهاء خدمته,2024-02-13 09:19:07,2024-02-13 09:19:07,SAME,guid,12273
718b4cdc-9373-42d8-af58-067c8f211da1,اللجنة الوطنية الفلسطينية للتراث المادي وغير المادي تعقد اجتماعها الأول,2024-02-11 16:23:48,2024-02-11 16:23:48,SAME,guid,12266
bff25f2a-62bc-4dfc-95b0-6160915f9625,دوّاس يبحث آليات تنسيق العمل مع مندوبية فلسطين لدى “اليونسكو”,2024-02-03 15:25:30,2024-02-03 15:25:30,SAME,guid,12260
0c8a5001-c953-42da-9ecc-28fbb5ad17a2,دوّاس يطلع سفيرة فلسطين بباريس على آخر تطورات الاعتداء على المقدرات الثقافية والتربوية بغزة,2024-02-03 15:18:03,2024-02-03 15:18:03,SAME,guid,12255
9e0ef9cc-b8bb-4d61-9b7d-f16d199900d1,السفير دياب اللوح يلتقي رئيس دائرة التربية والتعليم العالي بمنظمة التحرير,2024-02-02 11:49:24,2024-02-02 11:49:24,SAME,guid,12248
2bd96b92-c6c9-4844-8128-cc33621c2419,“اليونسكو” تعقد اجتماعا حول الوضع في غزة/ فلسطين,2024-02-01 16:59:07,2024-02-01 16:59:07,SAME,guid,12245
febe77a2-8cbc-4239-86ad-01c3574a8300,تونس: أ.د أبو زهري يستعرض مع مدير عام “الألكسو” أهم التحديات التربوية والثقافية خلال العدوان على الشعب الفلسطيني,2024-01-30 08:26:21,2024-01-30 08:26:21,SAME,guid,12238
d98cec70-6b19-4c56-91ee-274f35760dd8,تونس: فلسطين تشارك في أعمال منتدى “الألكسو” للأعمال والشراكات,2024-01-29 11:51:07,2024-01-29 11:51:07,SAME,guid,12219
903c3352-d2c0-4535-b9d2-f3ff813696bb,في اليوم الدولي للتعليم,2024-01-24 11:29:31,,UNMATCHED,,
2bbdda84-c595-495a-a355-d8a380e5e19f,دوّاس يبحث سبل تطوير العمل المشترك مع الحملة الأكاديمية الدولية لمناهضة الاحتلال الإسرائيلي و”الأبرتهايد”,2020-01-23 00:00:00,,UNMATCHED,,
963f79fd-58f6-4a4b-8328-acfdf450fc43,برئاسة دولة فلسطين: المجلس التنفيذي “للإيسيسكو” يعقد دورته الـ44,2024-01-18 10:22:53,,UNMATCHED,,
73c53878-9e19-4c10-9738-b18c3e74fa23,“اللجنة الوطنية للتربية والثقافة” تدين اقتحام الاحتلال لحرم “النجاح” التي تحمل كراسي علمية لمنظمة “اليونسكو”,2024-01-15 10:12:56,,UNMATCHED,,
e626ab1a-457f-46fe-8573-e5a9ea38642c,“اللجنة الوطنية للتربية والثقافة” تنشر تحديثا لحصاد انتهاكات الاحتلال في مجالات عملها لنهاية 2023 بالعربية والإنجليزية,2024-01-11 15:40:45,,UNMATCHED,,
e08643af-b194-4844-b0a0-ca83b37a3778,مجلس اتحاد مجالس البحث العلمي العربية يدين العدوان الإسرائيلي المتواصل وخاصة استهداف المؤسسات العلمية الفلسطينية,2023-12-21 16:17:37,,UNMATCHED,,
a1864e15-cbe7-41ac-a86e-27d80161f508,اللجنة الوطنية تصدر العدد السابع من مجلة “بصمات”,2023-12-20 21:07:25,,UNMATCHED,,
abd303a8-fc9d-4ebc-abe2-f41eb8970152,إدراج موقع تل ام عامر/دير سانت هيلاريون في غزة على اللائحة العالمية للممتلكات الثقافية تحت الحماية المعززة,2023-12-17 12:34:23,,UNMATCHED,,
cc7fcc7f-de48-43e8-b431-b4a0731ca26f,في يوم المعلم الفلسطيني التعليم في فلسطين في دائرة الحرب الإسرائيلية,2023-12-14 12:55:40,2023-12-14 12:55:40,SAME,guid,12135
3b05f886-96f0-473b-a8dc-18669c25fc6f,في اليوم الدولي لحقوق الإنسان لم يترك الاحتلال في غزة الإنسان حياً ليبقى له حقوق !!,2023-12-10 07:45:57,2023-12-10 07:45:57,SAME,guid,12131
33d683b8-6774-4f3b-94e9-f59bbeebb803,بيان للمنظمة العربية للتربية والثقافة والعلوم “الألكسو”,2023-12-08 20:04:15,2023-12-08 20:04:15,SAME,guid,12124
21e84c0d-2b53-4ac6-9c31-d633c1fd91fc,تسجيل الدبكة الشعبية الفلسطينية على لائحة التراث العالمي..,2023-12-05 21:32:20,2023-12-05 21:32:20,SAME,guid,12121
62db1feb-d196-4726-9b5b-eda2aa8e6665,الأمانة العامة لاتحاد مجالس البحث العلمي العربية تصدر بيان نعي العالم الفلسطيني سفيان تايه وعائلته,2023-12-03 21:23:02,2023-12-03 21:23:02,SAME,guid,12115
2fe3c082-1f84-4b70-a3e3-031a1f43bc12,الألكسو تدين استهداف العالم والبروفسور الفلسطيني الكبير سفيان تايه,2023-12-03 07:58:41,,UNMATCHED,,
66db2224-d42e-47d6-88d0-487527a286ad,نعي عالم فلسطيني كبير,2023-12-02 16:48:41,,UNMATCHED,,
19cc324f-6d69-4e17-ac88-d2322e7427f6,“الإيسيسكو” تقدم منحة طارئة لطلبة فلسطين من المحافظات الجنوبية الدارسين بالمملكة المغربية,2023-12-01 11:44:49,,UNMATCHED,,
b98914a1-7af6-49cf-9ed2-951e1b7c60b1,بيان الألكسو بمناسبة إحياء اليوم العالمي للتضامن مع الشعب الفلسطيني,2023-11-29 10:43:56,,UNMATCHED,,
a346e4a7-cac0-4a65-8bea-203bea94dcf1,“اللجنة الوطنية للتربية والثقافة” تتابع إصدار تحديثات “مرصد الانتهاكات الإسرائيلية” في مجالات عملها خلال العدوان,2023-11-28 09:32:43,,UNMATCHED,,
833eb5f9-4204-45d9-9fcf-932323443bc1,في اليوم العالمي لشجرة الزيتون    موسم قطف الزيتون لهذا العام في فلسطين هو الأكثر استهدافا من قبل جيش الاحتلال ومستوطنيه,2023-11-26 11:21:36,,UNMATCHED,,
df222bca-0841-45a3-a668-86e600d7588a,في اليوم الدولي للقضاء على العنف ضد المرأة.. 70% من ضحايا العدوان الإسرائيلي على غزة هم من النساء والأطفال,2023-11-25 13:13:26,,UNMATCHED,,
e8b71f87-2325-4d93-a8da-995954aa608f,تونس: المجلس التنفيذي “للألكسو” يدين حرب الإبادة على غزة ويعتمد مجموعة من القرارات لصالح القدس وفلسطين,2023-11-23 08:04:34,,UNMATCHED,,
4e2d5fd5-8d55-4edc-9a2d-8b07eff690fe,في اليوم العالمي للطفل الطفولة الفلسطينية في مرمى نيران الاحتلال,2023-11-20 09:00:10,,UNMATCHED,,
d979e60c-cce8-4866-a00d-9e87b7e14347,الإيسيسكو تدين استهداف الاحتلال الإسرائيلي مدرستي الفاخورة وتل الزعتر بقطاع غزة,2023-11-19 12:14:27,,UNMATCHED,,
e82c2057-430c-4a28-804f-266273ea32a6,في اليوم العالمي للطلبة.. طلبة فلسطين في دائرة القتل والعدوان الإسرائيلي,2023-11-17 19:10:28,2023-11-17 19:10:28,SAME,guid,12042
255ac1b8-a37f-43dd-80d8-a29214cf612c,“اللجنة الوطنية للتربية والثقافة” ترحب باعتماد “اليونسكو” قرارا بشأن عواقب الوضع الراهن في غزة- فلسطين بالأغلبية,2023-11-11 10:05:50,2023-11-11 10:05:50,SAME,guid,12038
7ed92b20-d504-45b6-9ae7-3a784c3923e7,دوّاس أمام الاجتماع الوزاري رفيع المستوى لليونسكو حول التعليم والسلام: السلام مفقود في فلسطين,2023-11-10 13:36:17,,UNMATCHED,,
455a8a40-467e-414e-aef7-46a2e49a8148,الثقافة تصدر تقريرًا أولياً يرصد أثر العدوان الإسرائيلي على القطاع الثقافي في غزة,2023-11-08 13:28:56,2023-11-08 13:28:56,SAME,guid,12029
f6f4655b-7100-402b-a87b-d01d0d475bc0,دوّاس أمام “اليونسكو”: الإنجازات والمقدرات الثقافية والعلمية والتربوية الفلسطينية تدمر تحت آلة القصف الإسرائيلية واعتداءات المستوطنين,2023-11-07 08:35:19,2023-11-07 08:35:19,SAME,guid,12023
16e180b6-cd3f-4bc2-adb2-4a43cafbf455,اليوم الدولي لإنهاء الإفلات من العقاب على الجرائم المرتكبة ضد الصحفيين,2023-11-02 10:34:48,2022-11-02 07:14:55,UPDATED,title,10501
79f86214-8f0c-42e2-9740-7c26e2a3577d,“اللجنة الوطنية للتربية والثقافة” تصدر نسخة أيلول من “مرصد الانتهاكات الإسرائيلية التربوية والثقافية”,2023-10-31 12:46:41,,UNMATCHED,,
f05f3607-19cf-4589-be4c-e1ac07ef744f,“اللجنة الوطنية للتربية والثقافة” في يوم المرأة الفلسطينية: المرأة الفلسطينية في مرمى نيران الاستهداف الإسرائيلي,2023-10-27 12:43:07,2023-10-27 12:43:07,SAME,guid,12004
d95a15bc-2bb6-44be-a09f-b1c1e6195b3b,“الإيسيسكو” و”الألكسو” تدينان استهداف الاحتلال الإسرائيلي للمواقع المدنية في غزة,2023-10-20 00:00:00,,UNMATCHED,,
3499d941-2b5d-40f7-bb76-2bdaca9d52c8,“اللجنة الوطنية للتربية والثقافة” تُصدر تقريراً يرصد الاعتداءات وتوجّة رسائل دولية متطابقة حول العدوان الإسرائيلي المستمر  بحق قطاع غزة,2023-10-19 11:44:08,,UNMATCHED,,
92b27c21-cff0-41be-9be5-01f3b1a2ae56,اللجنتان السعودية والفلسطينية للتربية والثقافة والعلوم تبحثان سبل التعاون مع رئيسة مكتب الدول العربية باليونسكو,2023-10-09 10:23:30,2023-10-09 10:23:30,SAME,guid,11971
6bf859af-a84d-4a0e-b7f5-7f42f636efaa,يوم التراث الفلسطيني,2023-10-07 20:19:01,2023-10-07 20:19:01,SAME,guid,11966
fac06714-759b-486c-a052-5ea5c8576fe7,اليوم العالمي للمعلم,2023-10-06 15:03:51,2023-10-06 15:03:51,SAME,guid,11959
0854345f-d296-4698-b8b0-a74df014e128,اليوم العالمي للتنوع الجيولوجي,2023-10-06 15:01:19,,UNMATCHED,,
66246071-232d-4a0c-bbbf-ca757021b8a1,رئيس المجلس التنفيذي “للإيسيسكو” دوّاس دوّاس: اعتماد مجلس وزراء ثقافة العالم الإسلامي للخليل عاصمة للثقافة 2026 حماية للهوية الثقافية لشعبنا الفلسطيني,2023-09-26 20:01:26,,UNMATCHED,,
ab2a00a7-8fa0-4815-8d02-6f2c21ff4517,أسبوع المتاحف في العالم الإسلامي,2023-09-26 07:38:44,2023-09-26 07:38:44,SAME,guid,11941
b84c4a97-7dcb-441b-ae99-244d07be0ee6,إطلاق فعاليات الهاكثون الختامي لمشروع جسور رقمية,2023-09-22 16:18:29,,UNMATCHED,,
a425d882-78e6-4f7a-8fb1-39af55d858a4,بتمويل من “اليونسكو”.. مؤتمر الدبلوماسية المائية في المنطقة العربية يختتم أعماله في عمّان,2023-09-21 12:07:47,,UNMATCHED,,
d3cef1f2-82dd-4095-a208-ff8ea6b6dc00,“اللجنة الوطنية للتربية والثقافة” تصدر نسخة أغسطس من مرصد الانتهاكات الإسرائيلية بمجالات عملها,2023-09-19 11:26:54,,UNMATCHED,,
2c08cb69-93a1-42ff-a27a-a5d51e6f54d4,بغداد: دوّاس يلتقي مؤسسات وشخصيات أكاديمية عراقية,2020-09-19 00:00:00,2023-09-19 06:53:12,UPDATED,guid,11892
c569c1f0-e636-437d-99ca-d8aebc64ab47,دوّاس يزور مقر “اللجنة الوطنية العراقية للتربية والثقافة” ويطلع على أعمالها,2023-09-18 06:57:37,2023-09-18 06:57:37,SAME,guid,11879
5c2942d4-f9b0-4cbe-b735-b82777c16451,“اللجنة الوطنية للتربية والثقافة”: تسجيل “اليونسكو” لأريحا القديمة “تل السلطان” في قائمة التراث العالمي إنجاز وطني هام,2023-09-17 08:11:41,2023-09-17 08:11:41,SAME,guid,11873
72c5bfe3-bd42-4b00-a95e-c09a8db4f48e,بالتعاون مع “اللجنة الوطنية للتربية والثقافة”.. “واعد” تطلق برنامج عزيمة لاعداد القيادات الشابة,2023-09-14 17:10:46,,UNMATCHED,,
a5701538-0416-49c2-8483-d66b8c5dc871,دائرة التربية والتعليم العالي بمنظمة التحرير ومؤسسة محمود عباس تبحثان التعاون المشترك بقطاع التعليم والمنح,2023-09-14 10:47:02,,UNMATCHED,,
c103048a-b045-43de-adb0-840e5489cc77,فلسطين تشارك في الدورة الخاصة الـ13 للمجلس التنفيذي “للألكسو”,2023-09-07 00:00:00,,UNMATCHED,,
b597f327-693e-4009-ba6a-b8b550126359,بدعم من “الإيسيسكو”.. “اللجنة الوطنية للتربية والثقافة” و”الاتحاد الفلسطيني لذوي الإعاقة” يطلقون مشروع حقوقنا وحدة ..حياتنا مشتركة,2023-08-31 11:08:46,,UNMATCHED,,
fe4f1a75-e58f-4612-b367-de2e93fe78c0,في مرصدها الشهري.. “اللجنة الوطنية للتربية والثقافة”: 5 شهداء و7 جرحى و42 أسيرا من الطلبة خلال تموز,2023-08-27 07:55:11,2023-08-27 07:55:11,SAME,guid,11794
89f05435-9590-4695-9820-47350d2b1245,“اللجنة الوطنية للتربية والثقافة” توقع مع “منيب وآنجيلا المصري” و”قدسنا” مذكرات تعاون مشترك,2023-08-22 10:17:05,,UNMATCHED,,
70848749-10f0-4328-9c04-5f8d50f9265f,بدعم من “الألكسو”..  “التربية” و”اللجنة الوطنية للتربية والثقافة” و”رفاه” يطلقون منتدى الرياضيات الـ25,2023-08-17 10:48:58,,UNMATCHED,,
80ace9e7-75b9-4e2d-b0d5-13d59f9d4cd5,“اللجنة الوطنية للتربية والثقافة” تصدر ورقة حقائق حول “تأثير ممارسات الاحتلال على تغير المناخ بفلسطين”,2023-08-17 07:44:55,,UNMATCHED,,
0928f27b-b92d-479d-9399-e42d9552d821,بدعم من “الإيسيسكو”.. غزة: “اللجنة الوطنية للتربية والثقافة” و”الأزهر” توقعان اتفاقية مشروع تعزيز مكافحة العدوى بالحلول الصحية الرقمية,2023-08-09 10:46:41,,UNMATCHED,,
c7c727ac-3b0f-4d39-b051-f51a8ae899d1,“اللجنة الوطنية للتربية والثقافة” تصدر العدد السادس من “بصمات”,2023-07-30 07:46:49,,UNMATCHED,,
2498177b-3871-460e-a211-0e929ef8df4a,يوم الزي الفلسطيني,2023-07-25 00:00:00,2022-07-25 06:15:46,UPDATED,title,10035
3ec6bb7f-fe14-4e84-afa5-4f9c8f3f9b7f,“اللجنة الوطنية للتربية والثقافة”: 3 شهداء وعدد من الجرحى والأسرى من طلبة المدارس خلال حزيران الماضي,2023-07-25 11:57:00,,UNMATCHED,,
9e6b5c90-a080-4cf3-82b6-8538963d2de5,أبو زهري يدعو المنظمات الدولية لحماية المقدرات التراثية لشعبنا الفلسطيني من عدوان الاحتلال,2023-07-19 22:21:47,,UNMATCHED,,
c917a401-942f-4467-9b58-2bf6dca4b0a7,اليوم العالمي لمهارات الشباب,2023-07-15 11:01:09,2022-07-15 18:27:56,UPDATED,title,10020
951c085d-6b2c-4540-8c1f-cb0c462bf978,بتمويل من “اليونسكو”..  غزة: “اللجنة الوطنية للتربية والثقافة” وطاقم شؤون المرأة يطلقون مشروع جسور رقمية,2023-07-04 12:15:24,2023-07-04 12:15:24,SAME,guid,11696
887cbf0b-0017-44d9-b458-969c98a4e702,مدير عام “الألكسو” يزور بعثة حجاج فلسطين بمكرمة خادم الحرمين من أسر الشهداء والأسرى والجرحى,2023-06-30 12:02:16,2023-06-30 12:02:16,SAME,guid,11646
33239a83-5ed5-424d-ab2c-3fd94a53dbbc,أ.د أبو زهري و م. غنيم يناقشان آفاق التعاون المستقبلي في المجال المائي,2023-06-22 00:00:00,,UNMATCHED,,
19707a5c-9bc8-4f49-b61b-8401bf01abcd,دوّاس يبحث مع “القدس المفتوحة” برنامج التعليم الدولي وآفاق التعاون المشترك,2023-06-18 22:00:48,,UNMATCHED,,
58cbb13d-b9ab-47a1-9de6-b3f17482f7bb,أبو زهري: “اللجنة الوطنية” تصدر مرصدا شهريا للانتهاكات التربوية والثقافية والعلمية بالعربية والإنجليزية للمرة الأولى,2023-06-18 05:41:19,,UNMATCHED,,
5f853335-cac0-4538-a350-1ea4febfc053,“اللجنة الوطنية للتربية والثقافة”  تشارك في مؤتمر شبكة المدارس المنتسبة “لليونسكو”,2023-06-11 06:54:23,,UNMATCHED,,
4ee56577-cf82-4db8-bdee-98c2f8fe1057,تونس: المجلس التنفيذي “للألكسو” يعتمد قرارات لصالح القدس وفلسطين وذكرى النكبة,2023-06-05 07:19:32,,UNMATCHED,,
042054d3-423e-4e4b-84d4-be5d06625b96,اليوم العالمي للبيئة 5 حزيران 2023,2023-06-05 07:08:53,,UNMATCHED,,
29590a78-121f-4f58-8446-77d7f4df875e,في ختام مشاركته بمؤتمر المغرب: *عورتاني مخاطباً وزراء التربية العرب: المنهاج الفلسطيني هو شأن سيادي مستقل لارتباطه بالهوية وبالرواية الوطنية، ولن يكون موضوع مساومة أو مقايضة*,2023-06-03 00:00:00,,UNMATCHED,,
073584ca-3035-468d-abea-d522cb174886,على هامش المشاركة بمؤتمر وزراء التربية العرب: عورتاني يلتقي المدير العام للإيسيسكو ويبحث معه آفاق التعاون التعليمي,2023-05-30 00:00:00,2023-06-01 06:09:30,UPDATED,guid,11518
5a00cf19-3525-4a1c-8dff-2661c0b7f60e,الرباط: فلسطين تشارك في مؤتمر “الإيسيسكو” الدولي حول واقع وآفاق دراسات الاستشراف في العالم,2023-05-31 00:00:00,,UNMATCHED,,
6256c7dc-c5cc-46b9-bbc5-fa9b1bcd1a62,على هامش المشاركة بمؤتمر وزراء التربية العرب: الوزير عورتاني يبحث مع نظيره المغربي ملفات التعاون المشترك,2023-05-31 11:41:55,2023-05-31 11:41:55,SAME,guid,11503
eb6bda7f-b84e-4718-a779-8f2d17b454f3,الألكسو” و”اللجنة الوطنية للتربية والثقافة” تطلقان “كرسي الألكسو لدراسات القدس” و”منصة القدس عروس عروبتكم”,2023-05-31 07:46:01,2023-05-31 07:46:01,SAME,guid,11496
b7d44c74-6829-4a5d-9919-45177dd7c12c,“اللجنة الوطنية للتربية والثقافة” تدعو للمشاركة في جائزة “الألكسو” للشباب العربي (دورة الشهيدة شيرين أبو عاقلة),2023-05-30 09:18:00,,UNMATCHED,,
70cb1ebb-82f3-4461-92a5-08f1559197b7,المغرب: فلسطين تشارك في الملتقى الثاني لإدارة التراث ومؤسساته,2023-05-24 08:08:01,,UNMATCHED,,
0218e818-a163-4ec5-af3f-72640f56b25e,في جولة له التقى خلالها بالمؤسسات الثقافية والتربوية والتعليمية..  المحافظات الجنوبية: أبو زهري يفتتح مقر “اللجنة الوطنية للتربية والثقافة” ويطلق مشروعا ويجدد كرسيا علميا,2023-05-23 09:40:14,,UNMATCHED,,
13296ff2-a447-47e9-b2ce-a25430739b6a,اليوم الدولي للتنوع البيولوجي “من الاتفاق إلى العمل: إعادة بناء التنوع البيولوجي “,2023-05-22 00:00:00,,UNMATCHED,,
e946a368-bc25-4fbb-9be9-11fac3716f98,اليوم العالمي للتنوع الثقافي,2023-05-21 07:09:25,,UNMATCHED,,
e94f580a-2b13-4e6c-bea0-933984597247,طالبت خلاله بإنشاء أيقونة رقمية للتراث الفلسطيني.. فلسطين تشارك في اجتماع منظمة التعاون الإسلامي لإنشاء منصة لحماية التراث الثقافي,2023-05-17 20:20:51,,UNMATCHED,,
6001dcb1-effc-4102-9202-31a3492e825a,دوّاس يلتقي مؤسسات تربوية وثقافية وعلمية في الرياض,2023-05-16 11:30:55,,UNMATCHED,,
893967e2-705e-493c-b131-c86dace80390,القاهرة: دوّاس يناقش الملفات الفلسطينية مع “مركز البحوث” و”معهد المخطوطات” كل على حدة,2023-05-11 07:53:33,,UNMATCHED,,
062db363-e7ef-493e-b7c1-a367e9477995,مكرمة رئاسية بصرف مساعدة مالية للطلبة الفلسطينيين الدارسين في كوبا,2023-05-10 06:36:37,,UNMATCHED,,
52e9e324-12c2-4357-a0a1-472e71ba1a62,اللجنة الوطنية للتربية والثقافة” تصدر مرصد الانتهاكات الإسرائيلية بمجالات اختصاصها لشهر نيسان,2023-05-07 00:00:00,,UNMATCHED,,
1476d4bc-b00e-48ef-9a5b-e3d6e5234ad8,“اللجنة الوطنية للتربية والثقافة” تصدر مرصد الانتهاكات الإسرائيلية بمجالات اختصاصها لشهر مارس,2023-04-30 07:27:42,,UNMATCHED,,
6795e603-2cac-4243-9554-6dc9767344c1,تهنئة لمناسبة حلول عيد الفطر السعيد,2023-04-20 16:45:01,,UNMATCHED,,
56741519-0941-4b60-9179-a454db49e676,“اللجنة الوطنية للتربية والثقافة” و”دائرة شؤون القدس” تختتمان مشاريع مسلسل باب العامود و”إحياء التراث” ضمن المنحة العراقية,2023-04-17 11:15:15,,UNMATCHED,,
4cd514e7-5bb2-4314-a441-2a91cc8f2020,تحت شعار “أخلاقيات العلم وآداب الطلب”  المكتبة الوطنيّة والّلجنة الوطنيّة للتّربية والثقافة والعلوم ومعهد فلسطين لأبحاث الأمن القومي يحتفون بيوم المخطوط العربي لعام 2023,2023-04-12 18:25:46,,UNMATCHED,,
b1cc4eb1-a0d6-4108-b872-93208c2438f8,اللجنة الوطنية تصدر العدد الخامس من مجلة “بصمات”,2023-04-12 10:20:36,,UNMATCHED,,
450507e8-d636-469f-87b6-cbbc401480f9,أ.د أبو زهري يبحث مع قطاعات “بالخارجية” آليات التنسيق والعمل بالمنظمات الدولية المتخصصة,2023-04-09 11:30:30,2023-04-09 11:30:30,SAME,guid,11340
66fb84dd-1e6f-48f4-8bf3-d58b9c5a4b52,“ميثاق” تحتفي بيوم المخطوط العربي,2023-04-04 00:00:00,,UNMATCHED,,
ce497e4a-af83-47f9-b55f-3a63e88b4849,يوم الطفل الفلسطيني,2023-04-05 10:56:20,,UNMATCHED,,
ed8415b7-376c-4ea3-b907-954d709a240b,أ.د أبو زهري يزور المدرسة الوطنية للإدارة ويشيد بتطورها,2023-04-04 09:15:56,,UNMATCHED,,
606baa50-74ce-40c9-8aa4-9677bbf70610,حلقة برنامج ومضات فكرية الرمضاني,2023-04-03 20:05:30,,UNMATCHED,,
ac7d5897-7f0a-47f1-b626-8dcf228757cd,بدعم من “اليونسكو والألكسو”..  أ.د أبو زهري يوقع مع طاقم شؤون المرأة و”رفاه” و”واعد” اتفاقيات لتنفيذ مشاريع ثقافية وعلمية,2023-04-03 09:51:35,,UNMATCHED,,
64f4f075-4b6e-4b7f-b390-18e7463a0f81,المصري يزور “اللجنة الوطنية” ويطلع على أعمالها,2023-03-28 08:58:38,,UNMATCHED,,
02f906ff-acbc-41e9-a775-bbe4ad4d0306,اليوم العالمي للمسرح,2023-03-27 08:57:52,,UNMATCHED,,
9215009e-6d7c-40a6-962b-33c2770331f0,“اللجنة الوطنية للتربية والثقافة” تصدر “مرصد” الانتهاكات الإسرائيلية التربوية والثقافية في فبراير 2023,2023-03-26 11:31:36,2023-03-26 11:31:36,SAME,guid,11263
d650f838-36d7-4f99-8fbd-e9d67736c965,“اللجنة الوطنية ” تشارك في فعاليات وطنية ودولية بمناسبة اليوم العالمي للقضاء على التمييز العنصري,2020-03-26 00:00:00,2023-03-26 08:03:18,UPDATED,guid,11252
f2e08251-afe2-4955-a426-ef735188827b,اليوم العالمي للمياه,2023-03-23 16:21:33,2023-03-23 16:21:33,SAME,guid,11245
f008b530-3224-425d-913e-6d29b29abeb0,دوّاس يلتقي أمين عام وزارة التربية والتعليم الأردنية ويزور اللجنة الوطنية الأردنية للتربية والثقافة والعلوم,2023-03-15 10:59:18,2023-03-15 10:59:18,SAME,guid,11231
3e682498-cf87-40a5-9ac1-d3750efe6217,التربية تكرّم الطلبة الفائزين في مسابقة الأولمبياد الوطني في الرياضيات,2023-03-14 12:58:50,,UNMATCHED,,
921f7c70-c7b9-4644-b7b9-8b0a1e3278dc,يوم الثقافة الوطنية الفلسطينية,2023-03-13 07:34:55,,UNMATCHED,,
616563bd-ec51-4d5f-b5b1-2cc5a49c3428,يوم الهندسة العالمي من أجل التنمية المستدامة,2023-03-04 13:24:57,2022-03-04 18:42:59,UPDATED,title,9481
f7b71ad7-7cbe-4468-b16a-157745aa684d,اليوم العربي للمياه,2023-03-03 13:28:20,,UNMATCHED,,
48d9538b-d6b8-42f5-8281-b34dfb98a1ae,“اللجنة الوطنية للتربية والثقافة” تصدر ورقة حقائق (التكنولوجيا الرقمية والتعليم في فلسطين: الواقع والتحديات),2023-03-01 05:53:43,,UNMATCHED,,
471d8eb4-f6e3-42c1-a50e-a680898b8fe9,يوم احياء التراث الثقافي العربي,2023-02-27 07:47:40,,UNMATCHED,,
85f3a8c7-4948-4c0f-af1c-98bc356410dd,يوم المعلم العربي,2023-02-25 15:56:03,2022-02-25 13:15:52,UPDATED,title,9450
3868e601-223e-434c-8468-085c2ae64704,اليوم الدولي للغة الأم,2023-02-21 07:49:30,2023-02-21 07:49:30,SAME,guid,11165
c1fc75c3-f135-43ed-a218-695b56ce7793,نواكشوط: أبو زهري يطلع على أوضاع الجالية الفلسطينية في موريتانيا,2023-02-20 07:15:43,,UNMATCHED,,
a19e7dc2-f661-4fb4-8d97-eb2c11ac0627,أبو زهري يطلع مدير عام “الألكسو” ووزير الثقافة الموريتاني على الأوضاع التربوية والثقافية في فلسطين,2023-02-19 10:33:26,,UNMATCHED,,
3e095eca-9e07-45a8-a7fc-6238d8ba67e4,أمام المؤتمر العام الاستثنائي “للألكسو”: أبو زهري يدعو الدول العربية لحماية الحقوق التعليمية والمقدرات الثقافية في فلسطين,2023-02-18 12:44:39,,UNMATCHED,,
7a767a71-dadd-4e57-ad37-a69ed6a8fdcf,اليوم العالمي للإذاعة,2023-02-13 11:25:34,2023-02-13 11:25:34,SAME,guid,11144
d3783b7b-5ab2-4ab5-9cc2-f0ebc0f60106,“اللجنة الوطنية للتربية والثقافة” تُثمّن مخرجات مؤتمر القدس,2023-02-13 10:55:44,,UNMATCHED,,
cb274802-5e97-4153-9d6c-2da762ae7d58,اليوم الدولي للمرأة والفتاة في ميدان العلوم,2023-02-11 19:04:03,,UNMATCHED,,
96c4791a-9609-4e7d-b754-e4d8720fab02,“اللجنة الوطنية للتربية والثقافة”: “مرصد” يكشف مجموعة جديدة من الانتهاكات الإسرائيلية وعلى رأسها الاعتداء على “ميثاق”,2023-02-09 07:33:15,,UNMATCHED,,
e4bf2f88-171e-4d43-90d4-09bf0d76d318,د. دوّاس يلتقي مدير عام دائرة حقوق الإنسان بمنظمة التحرير وأمين عام الحملة الأكاديمية لمناهضة الاحتلال,2023-02-06 15:20:08,,UNMATCHED,,
b2bbec26-8165-49a8-b939-b4f6743e5062,“اللجنة الوطنية للتربية والثقافة” تبحث مع “قامات” آليات توثيق النضال والتاريخ الوطني للشعب الفلسطيني,2023-02-06 12:49:39,,UNMATCHED,,
861ea6ab-7aa1-4f34-848d-ff4a75bb5dfd,فلسطين تشارك في إطلاق مبادرة “هورايزون أوروبا” للأعوام 2023 و2024,2023-01-31 13:55:25,2023-01-31 13:55:25,SAME,guid,11100
1a466771-dc00-44db-900b-c04cba8a74ff,اليوم الدولي لدور المرأة في العمل المتعدد الأطراف,2023-01-25 13:41:45,,UNMATCHED,,
f38af2a5-7a40-46fc-a724-73d963965576,“اللجنة الوطنية للتربية والثقافة” تدين اعتداء  الاحتلال الإسرائيلي على مقر “ميثاق”,2023-01-19 11:00:09,,UNMATCHED,,
9b8ae3ad-04a1-4afd-84a0-a209c5fc3bfd,السفيرة أبو عمارة تزور “اللجنة الوطنية للتربية والثقافة والعلوم” وتطلع على سير العمل فيها,2023-01-17 12:17:29,2023-01-17 12:17:29,SAME,guid,11039
b3ed6da7-9ae8-40a6-9d75-e0d7dd45998f,“اللجنة الوطنية للتربية والثقافة” تعقد ورشة عمل تخصصية بعنوان “ممارسات العلم المفتوح في فلسطين”,2023-01-17 00:00:00,,UNMATCHED,,
01dbdf29-6baf-4d89-b9b1-3098ddf5b039,اليوم العربي للمسرح,2023-01-10 17:12:09,,UNMATCHED,,
65a0d2d4-bd52-48be-a2c8-565b487f9c37,دوّاس يستقبل رئيس بلدية تجمع خلة المية لبحث الأوضاع التربوية والثقافية بالمنطقة,2023-01-09 11:48:22,,UNMATCHED,,
e1f8c8d0-1433-4bad-98ad-ac1c8729bf7b,“اللجنة الوطنية للتربية والثقافة”: “مرصد” يشير لمواصلة الاحتلال فرض المناهج الإسرائيلية على مدارس القدس,2023-01-09 10:27:25,2023-01-09 10:27:25,SAME,guid,11006
e96c9efa-1f05-47a1-9bd6-185d95ec0b5d,“اللجنة الوطنية للتربية والثقافة” تصدر العدد الرابع من مجلة “بصمات”,2023-01-05 12:47:34,,UNMATCHED,,
b124ae9d-dd2f-4bbc-8ebb-86d8d735f14a,“اللجنة الوطنية للتربية والثقافة” و”شؤون اللاجئين” تطلقان فيلما توثيقيا عن الملتقى الثقافي التربوي الفلسطيني العاشر,2023-01-04 15:02:28,,UNMATCHED,,
3a1dccfa-f99d-44f5-b1c9-f14b4e477c9b,برئاسة دولة فلسطين.. “الإيسيسكو” تعقد الدورة الـ43 لمجلسها التنفيذي,2022-12-24 09:19:32,,UNMATCHED,,
97f45ded-3685-49c1-b1c6-74ec8739af39,الرباط: دوّاس يلتقي مدير عام “الإيسيسكو” لبحث الأوضاع التربوية والثقافية في فلسطين,2022-12-22 11:38:48,,UNMATCHED,,
5ae879f0-1908-4f75-9ff1-6a3f2e8ccf8b,فلسطين تشارك في الاجتماع التشاوري حول المؤشرات الاستراتيجية للتنمية في العالمي الإسلامي,2022-12-21 17:14:13,,UNMATCHED,,
4573552c-d69f-4fb4-8c3e-b7da52948735,اليوم العالمي للغة العربية,2022-12-18 15:26:44,2022-12-18 15:26:44,SAME,guid,10916
0f304661-44ad-4f56-9e71-9ced60dd6f03,بتنفيذ من معهد المخطوطات التابع “للألكسو”: إطلاق مشروع الأرشيف الإلكتروني لمخطوطات فلسطين,2022-12-15 07:36:32,,UNMATCHED,,
6b6ed07f-b6de-44ae-8395-34bdafdb2b58,القاهرة | إطلاق مشروع الأرشيف الإلكتروني لمخطوطات فلسطين,2022-12-15 06:56:53,2022-12-15 06:56:53,SAME,guid,10868
51dff100-6ade-493a-9cf7-e9824dffb89b,يوم المعلم الفلسطيني,2022-12-14 19:10:05,2022-12-14 19:10:05,SAME,guid,10865
8299bcab-d9b9-4780-99d4-cbab493ae4dc,فلسطين تشارك في اجتماعات الدورة الـ44 لمجلس اتحاد مجالس البحث العلمي العربية بالقاهرة,2022-12-14 07:42:03,,UNMATCHED,,
b598b075-0173-455f-a939-a9c1a2699f62,“اللجنة الوطنية للتربية والثقافة” تصدر “مرصد” الانتهاكات الإسرائيلية التربوية والثقافية في نوفمبر 2022,2022-12-13 09:53:58,,UNMATCHED,,
c5c408db-dab3-4d82-9c51-16035fb45aaa,القاهرة: دوّاس يلتقي مدير “معهد البحوث” وقطاع فلسطين لدى “الجامعة العربية” لبحث أوضاع الطلبة الفلسطينيين,2022-12-13 09:18:06,,UNMATCHED,,
11d2977a-3e0a-4c4b-87d7-d8d7ae9ce0e7,أ.د أبو زهري يلتقي وزير التربية الأردني ويبحث معه آفاق التعاون المشترك على المستوى التعليمي,2022-12-12 16:55:44,,UNMATCHED,,
5d90f284-35d3-4920-badf-2808a89490ad,أدارت جلسة المنشورات حول الذكاء الاصطناعي… “اللجنة الوطنية للتربية والثقافة” تشارك في ندوة للجان الوطنية لتبادل المعلومات حول أخلاقيات الذكاء الإصطناعي,2022-12-06 11:48:42,2022-12-06 11:48:42,SAME,guid,10774
dbb0d2dd-293b-43fd-b188-368e01035fa5,دمشق: أ.د أبو زهري يتفقد أحوال اللاجئين الفلسطينيين في اليرموك,2022-12-03 12:24:44,2022-12-03 12:24:44,SAME,guid,10756
d220abfa-314e-4900-9822-6c79c4f197d8,اليوم الدولي للأشخاص ذوي الإعاقة,2022-12-03 12:21:18,2022-12-03 12:21:18,SAME,guid,10752
e9836e5b-0efa-4e84-9b4c-68d215c8cbd1,اليوم العالمي للمستقبل,2022-12-02 12:12:33,2022-12-02 12:12:33,SAME,guid,10747
171cf0e9-4089-40ac-b9a1-9f8b3699cf4d,دمشق: الأحمد وأبو زهري يتفقدان معهد فلسطين التقني والمهني التابع لأسر الشهداء,2022-12-02 12:04:36,2022-12-02 12:04:36,SAME,guid,10742
4427c5df-c932-434c-871f-631377a4b2e3,أ.د أبو زهري يبحث مع فصائل منظمة التحرير في سوريا الأوضاع التربوية والتعليمية,2022-12-01 09:39:10,2022-12-01 09:39:10,SAME,guid,10736
5e495ad4-934b-4934-862e-1a1d7a10550a,أ.د أبو زهري يلتقي وزير التعليم العالي السوري ويبحث معه آفاق التعاون المشترك على المستوى التعليمي,2022-12-01 09:33:58,,UNMATCHED,,
5a09a108-3a26-47d2-8147-60cc61a8e1ff,أ.د أبو زهري يناقش مع فصائل منظمة التحرير في لبنان الأوضاع التربوية والمنح,2022-11-29 00:00:00,2022-12-01 09:28:01,UPDATED,guid,10721
09f8d8ba-4f99-43e5-ba3c-466549b356fd,“اللجنة الوطنية” و “اليونسكو” تعقدان اجتماعاً تشاورياً حول ممارسات العلم المفتوح في فلسطين,2022-12-01 09:23:37,2022-12-01 09:23:37,SAME,guid,10717
22cfb704-88c6-4a75-903a-a1b58e116805,“اللجنة الوطنية للتربية والثقافة” و”شؤون اللاجئين” تختتمان فعاليات “الملتقى الثقافي الفلسطيني” في بيروت,2022-12-01 07:00:33,2022-12-01 07:00:33,SAME,guid,10698
eb446f9f-b6be-4077-a775-91d494bed189,بيروت: “الملتقى الثقافي الفلسطيني العاشر” يواصل أعماله وعروضه الإبداعية تحضيرا للحفل الختامي,2022-12-01 06:45:29,2022-12-01 06:45:29,SAME,guid,10685
8cf06b37-b17d-4d3a-99c8-83cf7f32ef97,أبو هولي: “زيارة تاريخية تؤكد على تمسك الفلسطيني بهويته أينما كان”.. وفد “الملتقى الثقافي الفلسطيني العاشر” يزور مثوى شهداء فلسطين و”قلعة الشقيف” وعين الحلوة في لبنان,2022-11-26 22:45:30,2022-11-26 22:45:30,SAME,guid,10676
df197845-b918-4466-bc00-067726a2defd,استمرار فعاليات اليوم الأول من أيام الملتقى الثقافي التربوي الفلسطيني العاشر,2022-11-25 20:55:43,2022-11-25 20:55:43,SAME,guid,10661
6a34371d-da7d-44a1-9e49-0848bb6fcd66,من فعاليات اليوم الأول للملتقى الثقافي التربوي الفلسطيني العاشر- بيروت 2022,2022-11-25 20:33:41,2022-11-25 20:33:41,SAME,guid,10648
218039c9-9e9b-4b8b-8880-4d00c125d5a3,برعاية الرئيس محمود عباس.. “اللجنة الوطنية الفلسطينية للتربية والثقافة” و”شؤون اللاجئين” تطلقان فعاليات “الملتقى الثقافي العاشر” في بيروت,2022-11-25 17:25:54,2022-11-25 17:25:54,SAME,guid,10638
3225b70a-df91-4d1c-84e2-c6109858944f,اليوم الدولي للفن الإسلامي,2022-11-18 13:51:11,2022-11-18 13:51:11,SAME,guid,10620
1c38935c-e9f4-4909-aaa7-ff732bfc6795,اليوم العالمي للفلسفة,2022-11-17 13:18:31,2022-11-17 13:18:31,SAME,guid,10612
638d3df6-76ed-4987-9f46-3b1ca09eb134,أوزباكستان: فلسطين تشارك في مؤتمر  “اليونسكو” العالمي لرعاية وتعليم الطفولة المبكرة,2022-11-17 08:46:13,,UNMATCHED,,
a74ee6d9-cd69-418c-905a-9807be407f61,أوزباكستان: دوّاس يبحث تطوير العلاقات بالجانب التعليمي والثقافي في آسيا الوسطى مع السفير الفلسطيني لدى طشقند,2022-11-16 10:21:52,2022-11-16 10:21:52,SAME,guid,10556
39f1700e-3b7c-4ee8-ad77-a2fdac86d646,“اليونسكو” تهنئ فلسطين بمناسبة ذكرى إعلان الاستقلال,2022-11-15 13:15:48,,UNMATCHED,,
b4bb5ef0-4c74-4b48-a6ad-54f03191cc77,“اللجنة الوطنية للتربية والثقافة” تصدر “مرصد” الانتهاكات الإسرائيلية التربوية والثقافية في أكتوبر,2022-11-14 12:48:41,2022-11-14 12:48:41,SAME,guid,10540
43528528-5684-430a-8d21-f30e6371ac35,استضافة الزميل فادي أبو بكر القائم بأعمال مدير عام الدوائر التخصصية على شبكة راديو أجيال,2022-11-08 10:16:40,2022-11-08 10:16:40,SAME,guid,10529
1aff6aa3-7f45-4e22-9e42-696845938387,السفير المغربي يزور “اللجنة الوطنية للتربية والثقافة” ويطلع على أعمالها,2022-11-07 12:13:37,2022-11-07 12:13:37,SAME,guid,10526
2207a82e-9642-49ff-95f8-f58b756f8c35,فلسطين تشارك في المؤتمر الدولي للاحتفال بالذكرى الـ30 لبرنامج توأمة الجامعات والكراسي الجامعية لليونسكو,2022-11-07 08:06:13,2022-11-07 08:06:13,SAME,guid,10514
56d013a0-2d4c-4c95-a373-1dd67d808524,اليوم الدولي لمحميات المحيط الحيوي,2022-11-03 07:44:07,2022-11-03 07:44:07,SAME,guid,10506
3d704dd6-798d-451e-acc1-07ade92f1371,اليوم الدولي لإنهاء الإفلات من العقاب على الجرائم المرتكبة ضد الصحفيين,2022-11-02 07:14:55,2022-11-02 07:14:55,SAME,guid,10501
e821d208-99fd-4e13-9f4d-3872afb9047d,اليوم العالمي للتراث السمعي والبصري,2022-10-27 00:00:00,2022-10-29 00:07:52,UPDATED,guid,10478
314ae422-366e-4e69-991f-d499f45d57fe,“اللجنة الوطنية للتربية والثقافة” تنظّم اجتماعاً تنسيقياً مع حاملي كراسي “اليونسكو” في فلسطين,2022-10-19 17:24:53,2022-10-19 17:24:53,SAME,guid,10472
e03eca03-72cc-46bc-b349-be501c02c1c2,“اللجنة الوطنية للتربية والثقافة” تبحث تطوير آليات العمل المشترك مع المكتب الوطني “لليونسكو” بفلسطين,2022-10-18 08:13:39,2022-10-18 08:13:39,SAME,guid,10465
55341641-51f7-4fc0-a6c4-cff140f91d91,برنامج نهار جديد على صوت فلسطين يستضيف الزميل فادي أبو بكر,2022-10-18 06:24:56,2022-10-18 06:24:56,SAME,guid,10462
8992b9ff-74d8-48ad-8b2b-3d7674ba0897,اليوم العربي للوثيقة العربية واليوم العربي للمكتبات المدرسية,2022-10-17 07:28:06,2022-10-17 07:28:06,SAME,guid,10458
290ed5a9-cf77-49f0-b614-128e3ef385cb,اليوم العربي للبيئة,2022-10-14 14:39:25,2022-10-14 14:39:25,SAME,guid,10453
c669f55a-8611-4cc0-8790-31fd4642ec25,“اللجنة الوطنية للتربية والثقافة” تصدر ورقة حقائق بعنوان “واقع الشباب التعليمي والثقافي والرياضي في القدس”,2022-10-12 07:34:07,2022-10-12 07:34:07,SAME,guid,10441
78847f4f-644c-4ba3-93e0-6fb93daee098,“اللجنة الوطنية للتربية والثقافة”: لجنة تقييم مرشحي الملتقى الثقافي التربوي تستكمل عملها,2022-10-12 07:20:40,2022-10-12 07:20:40,SAME,guid,10432
3f6a3fe0-9689-4b21-a598-d61ecefa4bb8,إفتتاح معرض بيت لحم : ميلاد جديد حول ترميم كنيسة المهد في مقر اليونسكو في باريس,2022-10-11 13:35:53,2022-10-11 13:35:53,SAME,guid,10424
a60f4fe4-7159-4a03-b760-9627765cb6ad,باريس: دوّاس يزور مدرسة علم المتاحف الفلسطينية والعربية,2022-10-10 00:00:00,2022-10-11 06:34:01,UPDATED,guid,10412
69861a5f-b3f8-40ef-86ea-2b37d8bc2352,على هامش جلسات المجلس التنفيذي لليونسكو..باريس: دوّاس والعلوة يبحثان سبل التنسيق والتعاون بين المغرب وفلسطين بالقطاعات الثقافية والتربوية,2022-10-10 09:43:03,2022-10-10 09:43:03,SAME,guid,10405
d09cd34c-4515-4d11-a99c-dafe04c9a0af,دوّاس يبحث مع الأمينة العامة “للجنة الوطنية اللبنانية للتربية والثقافة” سبل تعزيز التعاون المشترك,2022-10-10 07:26:47,2022-10-10 07:26:47,SAME,guid,10398
ef762f37-4471-405a-abd9-28624ddc0001,“اللجنة الوطنية للتربية والثقافة” تصدر مرصدها الشهري حول الانتهاكات الإسرائيلية في المجالات التربوية والثقافية عن شهر أيلول 2022,2022-10-09 09:16:09,2022-10-09 09:16:09,SAME,guid,10392
4d606b52-5343-463b-8579-f186aafd8e77,“اللجنة الوطنية للتربية والثقافة” و”شؤون اللاجئين” تبحثان التحضيرات لتنظيم الملتقى الثقافي التربوي الفلسطيني العاشر,2022-10-04 12:54:33,2022-10-04 12:54:33,SAME,guid,10382
d1ffde3a-1c21-4f2c-b30b-7f6e6b3d5539,“اللجنة الوطنية للتربية والثقافة” تصدر العدد الثالث من “بصمات”,2022-10-04 09:35:25,2022-10-04 09:35:25,SAME,guid,10372
0093b458-8fde-4791-a5e5-330296b16284,أسبوع المتاحف في العالم الاسلامي 2022,2022-09-26 14:39:03,2022-09-26 14:39:03,SAME,guid,10369
8ed376d1-5d87-4896-8937-d6645bcac59a,فلسطين تشارك في فعاليات اليوم الدولي لمحو الامية,2022-09-26 09:59:12,2022-09-26 09:59:12,SAME,guid,10365
30127290-b65a-4647-b704-bb6257d28b6c,بتوجيهات من الرئيس “أبو مازن” ..“اللجنة الوطنية للتربية والثقافة”: ماضون قدما في تسجيل المزيد من المواقع الفلسطينية على لائحة التراث الإسلامي,2022-09-25 09:32:18,2022-09-25 09:32:18,SAME,guid,10361
d3fee08e-7e0d-4618-aace-e33ce394640b,الرئيس يلتقي مدير عام منظمة الايسيسكو,2022-09-22 19:10:03,,UNMATCHED,,
a7908e31-e029-4f94-8ac7-0504fad6c722,على هامش قمة تحويل التعليم بنيويورك..دوّاس يشارك في منتدى رفيع المستوى حول “تحويل تعليم الفتيات”,2022-09-22 06:04:16,,UNMATCHED,,
64890310-989a-444e-9e9e-15b7f37433fd,فادي أبو بكر يتحدث حول الرفض الفلسطيني لأسرلة التعليم,2022-09-21 17:33:16,,UNMATCHED,,
e40403b4-7e7c-4534-a5b5-f578b0dc2d4e,أ.د. أبو زهري يتحدث حول الرفض الفلسطيني لأسرلة التعليم,2022-09-19 15:55:12,2022-09-19 15:55:12,SAME,guid,10316
a740c0c9-d0d8-4385-99b6-6f9783bca214,فلسطين تواصل مشاركتها في قمة تحويل التعليم في نيويورك .. عورتاني للشركاء الدوليين: ساندونا لحماية حق التعليم لطلبة القدس وفلسطين,2022-09-19 07:32:32,2022-09-19 07:32:32,SAME,guid,10308
d445367d-b8b9-41cc-8d67-eb9bcccb7f9e,خلال المشاركة في قمة تحويل التعليم..عورتاني: فلسطين الدولة العربية الأولى الموقعة على المبادرة العربية الرقمية خلال المشاركة في قمة تحويل التعليم..,2022-09-18 09:03:24,2022-09-18 09:03:24,SAME,guid,10280
a9984fd9-12a6-4956-b621-771a0e15692e,ضمن فعاليات المشاركة في قمة تحويل التعليم عورتاني يلتقي مديرة مؤسسة صندوق “التعليم لا ينتظر”:,2022-09-17 16:36:08,2022-09-17 16:36:08,SAME,guid,10274
3237eae8-c976-4505-8174-2afda14f33f1,فلسطين تشارك في قمة تحويل التعليم المنعقدة في نيويورك,2022-09-17 07:59:09,2022-09-17 07:59:09,SAME,guid,10268
5da98f59-1d97-42f1-b4ee-a7cd824cb161,اليوم الدولي لحماية التعليم من الهجمات,2022-09-09 15:05:47,2022-09-09 15:05:47,SAME,guid,10264
a185bda6-fdb2-4d71-90e7-8d959e5cb4ae,“اللجنة الوطنية للتربية والثقافة”: فلسطين تحصد مجموعة من جوائز الأسبوع العربي للبرمجة,2022-09-08 11:48:39,,UNMATCHED,,
788cbca2-f475-4a69-b98e-dc785bdb94e1,“اللجنة الوطنية للتربية والثقافة” تطلق النسخة الأولى من “مرصد” الانتهاكات الإسرائيلية في المجالات التربوية والثقافية,2022-09-04 11:27:25,2022-09-04 11:27:25,SAME,guid,10214
4c9c859c-5223-4ff6-b3ae-ecad0dc36eaa,تنظمها الهيئة الفلسطينية للرياضيات “رفاه”…دوّاس يشارك في إعلان نتائج مسابقة “أبحاث في الرياضيات المدرسية 2021-2022”,2022-08-21 11:55:51,2022-08-21 11:55:51,SAME,guid,10125
84ae83a2-72d6-4c00-94b1-84e043d8ca5d,“جودة البيئة” و”اللجنة الوطنية للتربية والثقافة” تبحثان آليات تطوير العمل المشترك,2022-08-10 14:20:39,2022-08-10 14:20:39,SAME,guid,10117
a9ff8023-57f0-4b95-8199-40089078a0af,المالكي: إطلاق كرسي “اليونسكو” لعلوم البيانات يعزز المكانة العلمية الدولية لفلسطين وحضورها بالمنظمات المتخصصة,2022-08-02 15:29:58,,UNMATCHED,,
a369c0c1-14e9-4296-9fdc-e9e79bbd2aa9,بتمويل من “الإيسيسكو” ”الاتصالات” و”اللجنة الوطنية للتربية والثقافة” تختتمان مشروع “برمج من أجل القدس”,2022-07-31 19:24:59,2022-07-31 19:24:59,SAME,guid,10068
a57842b8-efd7-4e9f-870e-3c0aa2c92ab5,“وزارة السياحة والآثار واللجنة الوطنية للتربية والثقافة والعلوم، توقعان اتفاقية مشروع تأهيل جبل العرمة في بيتا كحديقة أثرية” بدعم من “الالكسو,2022-07-27 10:51:10,2022-07-27 10:51:10,SAME,guid,10040
2086a0ad-ca3c-4d4b-9f74-979b56760f3b,يوم الزي الفلسطيني,2022-07-25 06:15:46,2022-07-25 06:15:46,SAME,guid,10035
91fc17f3-72b7-44fd-ab92-722a51f4d2fa,اليوم العالمي لمهارات الشباب,2022-07-15 18:27:56,2022-07-15 18:27:56,SAME,guid,10020
156c263a-1b1d-4205-b8c8-3a9b34cb7a79,“اللجنة الوطنية للتربية والثقافة” تبارك فوز فلسطين بالمركز الأول لجائزة المتاحف والمواقع الأثرية,2022-07-06 11:39:10,2022-07-06 11:39:10,SAME,guid,10006
3edbe11c-b633-4f89-affd-e15710065d20,اللجنة الوطنية تصدر العدد الثاني من مجلة “بصمات”,2022-07-06 10:30:48,,UNMATCHED,,
aa682b96-931c-416a-8604-7884acc650dc,فلسطين تختتم مشاركتها في القمة التحضيرية لقمة تحويل التعليم 2022 في باريس,2022-07-03 07:50:38,2022-07-03 07:50:38,SAME,guid,9968
dc71d96f-8721-44b2-9bdf-e4e50b852b03,على هامش مشاركته في القمة التحضيرية لقمة تحويل التعليم.. عورتاني يلتقي سفراء المجموعة العربية لدى “اليونسكو” في باريس,2022-06-30 09:08:52,,UNMATCHED,,
dea5adfa-e370-4e51-beed-4d76b771a95d,خلال لقائه مسؤولين دوليين في باريس عورتاني: التعليم حق سيادي فلسطيني بامتياز,2022-06-29 15:04:31,,UNMATCHED,,
f4b02e2f-aad7-490d-9af3-bf8c63c54db6,اليوم العالمي للموسيقى,2022-06-21 07:26:58,,UNMATCHED,,
1fedb6b2-3404-4545-88a3-85a0c99a26fb,فلسطين تتقدم للمركز 74 عالميا في سرعة الانترنت الثابت بعدما كانت 140,2022-06-11 19:45:48,,UNMATCHED,,
8283960e-3e77-45ae-b6ab-6d5ce4b6f075,اللجنة الوطنية بحضور مندوبية فلسطين لدى اليونسكو تنظّم اجتماعاً تنسيقياً مع النقاط الرسمية للاتفاقيات الدولية,2022-06-07 08:12:29,2022-06-07 08:12:29,SAME,guid,9907
74b5872d-f3ad-40b9-8564-660eae0724a3,السفير أنسطاس يزور اللجنة الوطنية ويطّلع على سير أعمالها,2022-06-05 17:55:29,2022-06-05 17:55:29,SAME,guid,9898
7ef06a10-ee32-40ba-8659-68c2129d1b2d,اليوم العالمي للبيئة,2022-06-05 14:08:40,2022-06-05 14:08:40,SAME,guid,9892
93aa1f2b-5e5d-43ef-b66f-7a8f2267da88,اللجنة الوطنية تبارك فوز مشاريع فلسطينية في جائزة ايكروم- الشارقة للممارسات الجيدة,2022-06-03 12:38:44,,UNMATCHED,,
f43db1a8-beac-429a-b117-ceb6c496547a,بحضور أبو زهري والطيراوي: “اللجنة الوطنية للتربية والثقافة” وجامعة  الاستقلال توقعان اتفاقية ضمن المنحة العراقية لدعم التراث بالقدس,2022-05-31 13:05:10,2022-05-31 13:05:10,SAME,guid,9868
21e7b542-da1b-49c5-a526-caa33f113dfd,تغطية توقيع اللجنة الوطنية الفلسطينية للتربية والثقافة والعلوم لـ9 اتفاقيات بهدف دعم مؤسسات مقدسية,2022-05-26 20:07:18,2022-05-26 20:07:18,SAME,guid,9843
bf829297-b507-4a8a-8c46-dcc5466a8bb8,د. الهباش يطلع على سير عمل اللجنة الوطنية للتربية والثقافة والعلوم,2022-05-26 13:40:30,2022-05-26 13:40:30,SAME,guid,9840
4ed47897-53c7-492e-b84d-2805098960fa,مقدمة من جمهورية العراق لدعم التراث الفلسطيني بالقدس..“اللجنة الوطنية للتربية والثقافة” توقع 9 اتفاقيات مع مؤسسات مقدسية لدعم القطاعات الثقافية,2022-05-26 11:28:51,2022-05-26 11:28:51,SAME,guid,9832
4b3309c7-8bab-4b0d-bf44-3a07b30ae97c,اليوم الدولي للتنوع البيولوجي,2022-05-22 19:07:25,2022-05-22 19:07:25,SAME,guid,9815
25b0dfae-2185-4d86-b7ef-75d56c427722,تقرير تلفزيون فلسطين  حول مشاركة وفد دولة فلسطين في أعمال الدورة الـ26 للمؤتمر العام للمنظمة العربية للتربية والثقافة والعلوم “الألكسو”,2022-05-22 13:00:34,2022-05-22 13:00:34,SAME,guid,9811
87f9cd9f-aa62-42ba-b0ae-214dc6652fc0,فلسطين تختتم مشاركتها بالمؤتمر العالمي الثالث للتعليم العالي,2022-05-22 07:06:32,2022-05-22 07:06:32,SAME,guid,9808
497ca45e-f4de-4f88-b5c3-62e5c4f1f1db,أمام المؤتمر العام الـ26 للألكسو: أبو زهري يدعو العرب لدعم الحقوق التعليمية والثقافية للشعب الفلسطيني,2022-05-21 12:44:56,2022-05-21 12:44:56,SAME,guid,9772
7ac4fbaa-9d61-4ebc-9ca9-5e3982c6ca71,المجلس التنفيدي للألكسو,2022-05-21 11:40:48,2022-05-21 11:40:48,SAME,guid,9765
07ee8e03-8767-4ffd-b778-7078643b4363,الألكسو” تعتمد جائزة باسم الشهيدة أبو عاقلة وتدعم الموقف الفلسطيني بشأن مناهج التعليم,2022-05-19 15:12:12,2022-05-19 15:12:12,SAME,guid,9754
48ffdda9-33e6-4c22-8617-40d782a1df68,“اللجنة الوطنية”: فلسطين تتصدر نتائج مسابقات الأسبوع العربي للبرمجة 2022,2022-05-18 11:35:37,,UNMATCHED,,
866f6b77-197c-480c-8d77-2e6713a33466,اليونسكو تدين مقتل الصحفية البارزة شيرين أبو عاقلة في فلسطين,2022-05-12 12:29:25,2022-05-12 12:29:25,SAME,guid,9735
11fedba4-a346-4534-8385-ee3db1fd6f5d,دوّاس يشارك في افتتاح معرض الجامعة للكتاب “بالعربية الأمريكية”,2022-05-10 10:57:16,2022-05-10 10:57:16,SAME,guid,9727
7fb32e01-bff7-4e53-aea8-1ba973fad9f8,اليوم العالمي للكتاب وحقوق المؤلف,2022-04-23 17:01:23,2022-04-23 17:01:23,SAME,guid,9697
3749de34-bdb5-4e94-a9f8-370cf5a41e89,أبو زهري يدعو لجنة الأثريين “بالإيسيسكو” لاجتماع طارىء لمناقشة هجمة الاحتلال الشرسة على القدس,2022-04-21 12:34:56,2022-04-21 12:34:56,SAME,guid,9689
0124f8b6-ac83-497f-a2a7-6f4e93d9e276,اليوم العالمي للإبداع و الإبتكار,2022-04-21 10:41:38,2022-04-21 10:41:38,SAME,guid,9686
2704fd9c-5c6b-49f1-a7e3-417b9e3f51a8,“اليونسكو” تمنح دولة فلسطين كرسيها لعلوم البيانات لصالح “العربية الأمريكية”,2022-04-17 06:56:14,2022-04-17 06:56:14,SAME,guid,9658
712ae49f-5929-406d-8654-775ec34ebd35,فلسطين تصادق على الاتفاقية العالمية للاعتراف بالمؤهلات المتعلقة بالتعليم العالي 2019,2022-04-15 11:50:41,2022-04-15 11:50:41,SAME,guid,9653
140e8f34-000b-47c6-8be0-e7403a27fc47,حلقة جديدة من سلسلة نفحات_رمضانية,2022-04-14 16:53:30,2022-04-14 16:53:30,SAME,guid,9638
bb4480a7-2acb-4c3f-9fa7-3b6f4254b973,التعليم العالي” و”اللجنة الوطنية” تختتمان تدريباً متخصصاً لرفع قدرات المحاضرين في الكليات التقنية,2022-04-05 09:22:36,2022-04-05 09:22:36,SAME,guid,9610
851d5e08-b1d4-454c-939b-5f627f2f7072,اللجنة الوطنية تصدر العدد الأول من مجلة “بصمات”,2022-04-04 08:55:39,,UNMATCHED,,
99796b32-7b0d-47fc-ad67-44327e1ff580,اللجنة الوطنية تحتفي ب 12 موهوباً فلسطينياً ضمن مبادرة “الموهوبون العرب”,2022-04-03 09:17:06,,UNMATCHED,,
b0368f10-2925-4190-9d75-d19a1c5976f5,بدعوة من ” الإيسيسكو” فلسطين تشارك في فعاليات اختتام عام الإيسيسكو للمرأة 2021 واليوم العالمي للشعر,2022-03-31 16:42:36,,UNMATCHED,,
5f690c03-f51c-4388-9eaa-9ab042710df2,في يوم الأرض: اللجنة الوطنية وكرسي اليونسكو لحقوق الإنسان تقيمان أمسية ثقافية “الفن مرآة لثقافة مستمرة”,2022-03-31 07:35:27,,UNMATCHED,,
85d48e14-e31f-43f9-972f-b6c3027fa1fc,بدعم من الألكسو:”اللجنة الوطنية” تختتم مشروع الفنون الأدائية للجميع,2022-03-30 12:24:30,,UNMATCHED,,
abbedd5a-12f8-4c95-8fe7-e90a6ba2720d,”شؤون اللاجئين” و “وزارة الاتصالات” و”اللجنة الوطنية” يختتمون مشروع إنشاء فريق فلسطين للبرمجة,2022-03-30 08:30:04,2022-03-30 08:30:04,SAME,guid,9570
833121d4-6987-4c93-98bd-6bd0f9072fee,فلسطين تشارك في إحياء فعاليات اليوم العالمي للمسرح,2022-03-29 11:43:20,2022-03-29 11:43:20,SAME,guid,9567
42f64f99-3477-462e-9dd1-4fdbfb8f0c63,اللجنة الوطنية للتربية والثقافة تشارك في مهرجان يوم الطفل الفلسطيني و معرض المنتجات البيئية,2022-03-29 11:40:08,2022-03-29 11:40:08,SAME,guid,9564
381419b0-6e8f-4067-b51e-425a5cca03c5,فلسطين تشارك في حلقات دراسية لليونسكو ضد العنصرية والتمييز,2022-03-24 08:14:43,2022-03-24 08:14:43,SAME,guid,9558
b1d10bb6-15d0-4644-b099-b962ceebde04,فلسطين تشارك في الاجتماع التنسيقي للجان العامة للمجلس التنفيذي للألكسو,2022-03-23 17:28:18,2022-03-23 17:28:18,SAME,guid,9554
8d2a0e79-87e9-4276-8e92-be2f7a68c7ac,بدعم من الإيسيسكو: وزارة المرأة” واللجنة الوطنية” تختتمان مشروع تمكين النساء والفتيات في المجال الرقمي والبحثي,2022-03-23 15:57:51,2022-03-23 15:57:51,SAME,guid,9550
73c4a035-25f7-4673-9e41-56f5643472de,القدس: متحدثون يؤكدون أهمية التأسيس لمشروع متكامل للرواية الوطنية لمواجهة رواية الاحتلال,2022-03-22 07:13:53,2022-03-22 07:13:53,SAME,guid,9546
fa4ccb2c-ca4d-47cc-af16-827debade3e8,التعليم العالي” و”اللجنة الوطنية” تفتتحان دورة تعرف إلى عالم الأعمال,2022-03-21 18:23:25,2022-03-21 18:23:25,SAME,guid,9540
69fd5813-fe93-4725-89b2-0250a361ff3d,في اليوم العربي لحقوق الإنسان.. اللجنة الوطنية للتربية والثقافة تؤكد على حماية الحقوق التعليمية والثقافية والتربوية للشعب الفلسطيني,2022-03-16 18:25:15,2022-03-16 18:25:15,SAME,guid,9535
9f3c4343-3b1e-49f0-88ef-3f5bcb2cdad7,فلسطين رئيساً لهيئة الرقابة المالية في منظمة الألكسو,2022-03-16 07:18:43,2022-03-16 07:18:43,SAME,guid,9531
cb26d6e5-cdfd-4d63-a533-4ac5f28ae37b,في اليوم الدولي  للرياضيات اللجنة الوطنية تشارك في فعاليات مسابقة ومعرض الوسائل التعليمية في الرياضيات,2022-03-14 17:28:16,2022-03-14 17:28:16,SAME,guid,9528
69710fae-73a5-46f9-9422-8cb65afe0179,”المكتبة الوطنية” و”اللجنة الوطنية للتربية والثقافة” تبحثان سبل التعاون وتنسيق العمل,2022-03-14 17:11:04,,UNMATCHED,,
034d6c85-c4fb-4bf2-b635-9e92071b8d21,بدعم من الإيسيسكو: “اللجنة الوطنية” و”وزارة السياحة” تختتمان مشروع المشاغل التراثية البدوية,2022-03-14 10:29:43,,UNMATCHED,,
74f5391c-acec-49c4-acd0-58eec9256fc1,في يوم الثقافة الوطنية الفلسطينية.. اللجنة الوطنية: الثقافة تجسيد للمشروع الوطني,2022-03-13 07:56:15,2022-03-13 07:56:15,SAME,guid,9509
b2afb479-36df-424d-a9ec-ff807e20d799,في اليوم العربي للمكتبات.. اللجنة الوطنية: تأسيس المكتبة الوطنية رافد للهوية الثقافية الفلسطينية,2022-03-10 15:01:58,2022-03-10 15:01:58,SAME,guid,9504
b32c1bb0-f928-4ffb-b37e-f9e46ecce88c,اختتام مشروع بناء قدرات معلمي مشاغل الاتصالات في المدارس الصناعية,2022-03-10 09:40:58,2022-03-10 09:40:58,SAME,guid,9497
bb13aa41-386f-4bc4-82cf-4d6940e489da,في اليوم الوطني للبيئة الفلسطينية.. اللجنة الوطنية: حماية البيئة الفلسطينية أحد وسائل النضال ضد الاحتلال الإسرائيلي,2022-03-05 11:09:29,,UNMATCHED,,
ae362ad6-d4e0-4131-8359-a9122217109d,يوم الهندسة العالمي من أجل التنمية المستدامة,2022-03-04 18:42:59,2022-03-04 18:42:59,SAME,guid,9481
d891c75f-76e7-4170-8049-fe012ff8e330,اليوم العربي للمياه,2022-03-03 09:59:57,,UNMATCHED,,
4d27ad36-db2a-41b4-9c6f-a734f6b3fad6,بمشاركة فلسطين: الألكسو تحتفل بيوم التراث الثقافي العربي,2022-02-28 17:06:52,2022-02-28 17:06:52,SAME,guid,9469
90bc169a-8c3d-4e1e-a1a8-a57c5e275d92,بدعم من الإيسيسكو:”اللجنة الوطنية” و “مؤسسة السنونو” تختتمان مشروع استمتع في حياتك  بالموسيقى,2022-02-27 08:02:34,2022-02-27 08:02:34,SAME,guid,9463
2447d669-54fd-4bf6-8a68-b93a930b4653,أبو زهري يُسلّم طلبة المحافظات الجنوبية منح مقدمة من المنظمات الدولية المتخصصة,2022-02-26 10:39:00,2022-02-26 10:39:00,SAME,guid,9458
07557a55-8edb-4653-8f23-4fccc44ec5b9,يوم المعلم العربي,2022-02-25 13:15:52,2022-02-25 13:15:52,SAME,guid,9450
9129a70f-d988-401b-9eba-3e04f99bba0b,اللجنة  الوطنية  للتربية  والثقافة  تصدر ورقة حقائق بعنوان(التمييز العنصري الإسرائيلي في الميدان التربوي والثقافي والعلمي): القدس نموذجاً,2022-02-23 10:31:21,2022-02-23 10:31:21,SAME,guid,9436
2f0037f0-5280-460f-87e7-6b0b3d7a84b2,“التعليم العالي” واللجنة الوطنية للتربية تطلقان دورة متخصصة في إدارة المشاريع,2022-02-21 15:45:13,2022-02-21 15:45:13,SAME,guid,9427
e5fb6629-7dbb-4a53-bbc1-6251abbe425a,بدعم من الألكسو اللجنة الوطنية توقّع عدّة اتفاقيات لدعم مشاريع تربوية وثقافية وعلمية في القدس,2022-02-17 13:01:25,2022-02-17 13:01:25,SAME,guid,9411
f54f4cd1-c3f9-4775-a4e7-9cf73f6cd387,بدعم من الإيسيسكو افتتاح مشروع بناء قدرات المحاضرين في الكليات التقنية في مجال ريادة الأعمال,2022-02-14 10:01:41,,UNMATCHED,,
72e145b5-387c-4571-a4c1-11b5ab8c7785,اللجنة الوطنية للتربية والثقافة والعلوم تصدر بياناً باليوم العالمي للإذاعة,2022-02-13 13:01:00,2022-02-13 13:01:00,SAME,guid,9365
bf60de16-fcb6-4210-9881-784d18baa160,اليوم الدولي للفتاة والمرأة في ميدان العلوم,2022-02-11 14:32:17,2022-02-11 14:32:17,SAME,guid,9358
f144b6a0-57a1-4229-b873-d5087b1efb4e,أبو زهري: تمويل اليونسكو لصندوق التنوع الثقافي لصالح فلسطين إنجاز وطني هام,2022-02-09 20:14:58,2022-02-09 20:14:58,SAME,guid,9351
a8293cba-7a48-4388-94be-bd5d86198eb8,اللجنة الوطنية تبارك فوز نرمين المدني بجائزة لوريال- اليونسكو من أجل المرأة في العلوم,2022-02-08 18:26:30,,UNMATCHED,,
c6610afd-ccf7-49d6-941c-218d82fe0bd2,بدعم من الألكسو… اللجنة الوطنية تختتم مشروع منتدى الطفل الفلسطيني,2022-02-03 17:19:39,,UNMATCHED,,
76effe3e-37ee-4667-8694-e269fea12d14,المنظمة العربية “الألكسو” تعتمد قرارات لصالح فلسطين والقدس,2022-01-28 13:15:19,2022-01-28 13:15:19,SAME,guid,9324
aa940132-da53-48ed-8a3c-bddba9a05029,دوّاس يشيد بالدعم السعودي للقطاعات التربوية والثقافية والعلمية الفلسطينية,2022-01-28 09:15:08,2022-01-28 09:15:08,SAME,guid,9319
c2feace2-941e-42a4-bcc0-0774f114e813,رئيسا المجلس التنفيذي للإيسيسكو والألكسو يبحثان تنسيق العمل والتعاون المشترك,2022-01-27 15:55:20,2022-01-27 15:55:20,SAME,guid,9311
3caf0d18-5a3a-4790-9b40-aef9defbe2da,دوّاس يلتقي الأمين العام المساعد لشؤون فلسطين والقدس في منظمة التعاون الإسلامي,2022-01-25 09:24:47,2022-01-25 09:24:47,SAME,guid,9297
26729cdf-e4a1-4cd4-80af-da038ec5538d,“القدس المفتوحة” و”رفاه” تعقدان منتدى حول تطوير تعليم وتعلم الرياضيات,2022-01-25 07:24:52,,UNMATCHED,,
55e977ae-5d37-46ac-b290-ca60282aa1a7,دواس يلتقي القنصل العام لفلسطين في جدة,2022-01-24 17:20:21,,UNMATCHED,,
33148748-7f4e-4f99-83a4-40ca6cd09f6a,اليوم الدولي للتعليم,2022-01-24 16:39:41,2022-01-24 16:39:41,SAME,guid,9280
4fae84fe-4d29-4def-87d8-0e0a47369fb3,دوّاس يلتقي أمين عام مساعد الشؤون الإنسانية والثقافية والاجتماعية لمنظمة التعاون الإسلامي,2022-01-24 16:03:55,2022-01-24 16:03:55,SAME,guid,9274
d92c52ea-1b2c-493d-9b56-86227babf999,دوّاس يزور القنصلية العامة لفلسطين في جدّة,2022-01-23 16:57:53,2022-01-23 16:57:53,SAME,guid,9269
a04f7502-c921-4b26-8bdf-c5df38a34456,رئيس الوزراء: فلسطين بأفرادها ومؤسساتها قادرة على المنافسة دوليا,2022-01-19 07:44:26,,UNMATCHED,,
fb447210-a72a-43ba-8a79-1efbcef14310,بحضور مدير عام الرقابة: أبو زهري والحسيني يبحثان برامج ومشروعات من أجل القدس,2022-01-18 11:33:57,,UNMATCHED,,
c4bfcec5-03c9-41ac-a083-72c44ff474a4,دوّاس يلتقي نائب رئيس جامعة النجاح للشؤون المجتمعية وتباحثا سبل التعاون,2022-01-17 17:28:34,,UNMATCHED,,
c90bd1db-052a-4872-93e5-694f2589b1b4,اليوم العالمي للمنطق,2022-01-14 13:43:53,,UNMATCHED,,
5c0a7b94-1df4-4eea-81ba-1c996bc0722a,بدعم من اليونسكو.. اللجنة الوطنية ونقابة الصحفيين تختتمان مشروع “شبكة ضباط السلامة”,2022-01-13 12:29:46,,UNMATCHED,,
cb07f9e4-cbdf-49d4-b74f-9c297bd822fe,دوّاس يلتقي مجموعة طلال أبو غزالة لبحث سبل التعاون,2022-01-11 12:17:11,,UNMATCHED,,
8b6f8238-db20-499b-97fc-e8549260bd8b,اليوم العربي للمسرح,2022-01-11 06:44:13,,UNMATCHED,,
3fae0fe4-53fe-4140-9420-0a64916b7f20,اللجنة الوطنية والأندية المنتسبة لليونسكو تختتمان مشروع “أيام التعلّم البيئي”,2022-01-10 12:32:37,,UNMATCHED,,
bb07f2d2-9547-4057-b852-05c3bb53e209,رئيس المجلس التنفيذي لمنظمة العالم الإسلامي للتربية والعلوم والثقافة “الإيسيسكو” في زيارة لمدينة روابي,2022-01-09 17:56:47,2022-01-09 17:56:47,SAME,guid,9202
91c97114-697d-4f32-a258-2ca8383daf85,اليوم العربي لمحو الامية,2022-01-08 12:14:43,2022-01-08 12:14:43,SAME,guid,9195
6880128b-3745-493f-a0fb-279cc114a352,توقيع اتفاقية “برمج من أجل القدس”                  إطلاق “الفريق الوطني للبرمجة” بالشراكة ما بين اللجنة الوطنية ووزارة الاتصالات ودائرة شؤون اللاجئين,2022-01-06 12:54:49,2022-01-06 12:54:49,SAME,guid,9185
12999b55-0ab0-4305-9c96-a5a71576d6b6,اللجنة الوطنية تشارك في مشتى رفاه السنوي الثاني/ أريحا (معسكر التفكير والإبداع في الرياضيات ),2022-01-06 11:24:57,2022-01-06 11:24:57,SAME,guid,9178
6064bf43-8a49-4491-9fda-42c2fcd92ed9,اللواء المصري يهنئ دوّاس برئاسة المجلس التنفيذي للإيسيسكو,2022-01-05 12:31:23,2022-01-05 12:31:23,SAME,guid,9173
7aa045f8-a0f3-4ae7-b584-b7f3bc1a2e92,نصر الله: فوز فلسطين برئاسة المجلس التنفيذي للإيسيسكو إنجاز وطني,2022-01-05 09:55:41,2022-01-05 09:55:41,SAME,guid,9163
f64b7c70-47e6-42ae-ba74-79594aaf800b,“التربية” و”اللجنة الوطنية للتربية” تطلقان الأسبوع العربي للبرمجة,2022-01-05 09:49:32,2022-01-05 09:49:32,SAME,guid,9159
83471219-106d-4350-9e28-ad4dc8906f5d,اليوم العربي لذوي الاحتياجات الخاصة,2022-01-04 15:34:18,2022-01-04 15:34:18,SAME,guid,9152
cc930a93-5428-40df-8046-f0fff8455e2e,فلسطين تشارك في الدورة العادية الـ 43 لمجلس اتحاد مجالس البحث العلمي العربية,2021-12-30 12:56:24,2021-12-30 12:56:24,SAME,guid,9143
b578b484-9e78-411a-b82a-bc342d927f33,وزارة الثقافة واللجنة الوطنية وتطوير الإعلام تختتمان معرض في عيونهن,2021-12-29 12:50:46,2021-12-29 12:50:46,SAME,guid,9138
b4009b1e-66a7-4bdc-b5fe-32b7d686603d,حمد: فوز فلسطين برئاسة المجلس التنفيذي للإيسيسكو انتصاراً للقضية الفلسطينية,2021-12-28 12:02:05,2021-12-28 12:02:05,SAME,guid,9124
7b0e835c-21f5-4791-b71f-4c768d5bd4cc,شاهر سعد يبارك فوز فلسطين برئاسة المجلس التنفيذي للإيسيسكو,2021-12-28 08:36:45,2021-12-28 08:36:45,SAME,guid,9120
0fe5bf3e-ce55-4acd-98fc-8062a8fe75a0,لقاء ما بين اللجنة الوطنية ومؤسسة منيب وأنجلا المصري لبحث سبل التعاون,2021-12-27 12:53:34,2021-12-27 12:53:34,SAME,guid,9111
28264d82-9c62-47d2-a5a0-d9e5046dd38e,دوّاس يزور جامعة النجاح ويلتقي عدد من الشخصيات,2021-12-27 08:04:09,2021-12-27 08:04:09,SAME,guid,9104
3b77d7fa-a1ee-4508-9713-747539d3bb48,المالكي يبارك فوز فلسطين برئاسة المجلس التنفيذي للإيسيسكو,2021-12-26 12:24:05,2021-12-26 12:24:05,SAME,guid,9088
ddf3b525-5739-4e87-8450-d7f957dead2d,تطوير الإعلام والثقافة واللجنة الوطنية يطلقون معرض “في عيونهن” ويعلنون الفائزين في مسابقة “مشاركة المرأة الفلسطينية في الحياة السياسية”,2021-12-26 08:37:36,2021-12-26 08:37:36,SAME,guid,9084
9aaa24e6-4ee4-4651-a10d-4df9ceafeac4,مقابلة د. دواس دواس عبر وكالة معا للحديث عن إدراج منظمة اليونسكو لفن التطريز الفلسطيني على لائحة التراث الثقافي غير المادي,2021-12-22 11:58:01,2021-12-22 11:58:01,SAME,guid,9080
cf3b9334-0ee9-47d3-adff-87ff9638c804,هيئة الأسرى واللجنة الوطنية تبحثان سبل التعاون فيما بينها,2021-12-21 14:33:27,2021-12-21 14:33:27,SAME,guid,9071
72fbcbcb-962a-419d-b9c0-a82dbba38db1,اللجنة الوطنية: إدراج التطريز الفلسطيني على لائحة اليونسكو حماية للموروث الثقافي الفلسطيني,2021-12-15 16:11:50,2021-12-15 16:11:50,SAME,guid,9060
f651f816-d9ad-4c22-ad8d-a7f96ba93a79,أبو زهري أمام المؤتمر العام يثمّن انتخاب فلسطين لرئاسة المجلس التنفيذي للإيسيسكو,2021-12-10 11:21:27,2021-12-10 11:21:27,SAME,guid,9057
c66bedec-babb-4fc9-b0ab-2eb69b7c7a1c,انتخاب ممثل فلسطين د. دوّاس رئيساً للمجلس التنفيذي لمنظمة العالم الإسلامي “الإيسيسكو”,2021-12-07 01:14:35,2021-12-07 01:14:35,SAME,guid,9050
080d35c5-7f62-4698-bd0b-bdc6188eb219,تضمن عدة توصيات حول التعليم الاستدراكي فلسطين:          اختتام أعمال مؤتمر وزراء التربية العرب,2021-11-25 18:26:37,2021-11-25 18:26:37,SAME,guid,9042
173febb9-891c-46ce-a951-5a4499c01926,على هامش مشاركته في مؤتمر اليونسكو: أبو زهري يلتقي بعدة مسؤولين دوليين,2021-11-18 12:18:18,2021-11-18 12:18:18,SAME,guid,9032
c11d9823-ea2a-40b2-8238-a61463781129,باريس: فلسطين تدعو للتطبيق العادل والأخلاقي لتقنيات الذكاء الاصطناعي,2021-11-17 10:53:09,,UNMATCHED,,
f47e3487-c3cc-4175-b3f5-15738fcde3f6,أبو زهري أمام اليونسكو: يدعو العالم لتعميم المعرفة والعلوم في مواجهة وباء كورونا,2021-11-16 07:36:57,2021-11-16 07:36:57,SAME,guid,9020
343bd303-6309-4821-b550-a150d65a3581,“اللجنة الوطنية للتربية والثقافة” تعلن فوز “جامعة بيرزيت” بجائزة اليونسكو- اليابان للتعليم من أجل التنمية المستدامة 2021,2021-11-15 11:50:30,2021-11-15 11:50:30,SAME,guid,9015
cb8ca879-c761-43c1-a131-06a35aa0abd7,على هامش المؤتمر العام لليونسكو: دوّاس يلتقي مدير عام الإيسيسكو,2021-11-13 10:38:36,2021-11-13 10:38:36,SAME,guid,9012
ad165dd3-d761-4699-903a-ed9af423a3c5,فلسطين تشارك في الاجتماع الأقاليمي الثامن للجان الوطنية للتربية والثقافة والعلوم,2021-11-09 07:00:38,,UNMATCHED,,
5043c04b-b6f3-4c0b-9ef1-407b904c70c8,“اللجنة الوطنية” و “وزارة شؤون المرأة” توقعان اتفاقية لتنفيذ مشروع تمكين النساء والفتيات,2021-10-28 16:30:32,,UNMATCHED,,
35a919e9-430b-4379-b07f-594fb85f2ae7,فلسطين تشارك في ملتقى المنظمات “الإيسيسكو، والألكسو” لرؤية وخطط المنظمات المتخصصة لما بعد كوفيد- 19,2021-10-21 14:59:48,,UNMATCHED,,
18b1a1ec-0807-4e30-85ad-e088265945a2,اللجنة الوطنية تعلن عن قائمة المقبولين في منح معهد البحوث والدراسات العربية,2021-10-19 13:47:06,2021-10-19 13:47:06,SAME,guid,8981
f5427fb2-0da8-4cd0-89fd-2e703985faaa,“اللجنة الوطنية” و “نور العين” توقعان اتفاقية لتنفيذ مشروع إنشاء برنامج تعليمي للمكفوفين,2021-10-18 11:33:44,2021-10-18 11:33:44,SAME,guid,8973
6003bdc4-816b-4fe5-a7bc-72928b56a486,“وفا” و”اللجنة الوطنية” توقعان اتفاقية لتنفيذ مشروع تطوير آليات العمل من خلال الذكاء الاصطناعي,2021-10-17 12:33:20,2021-10-17 12:33:20,SAME,guid,8968
ceac33ea-f4c3-48f3-bcd3-1b12b2c0344e,خلال مشاركته بافتتاح متحف البلدة القديمة في الخليل.. دوّاس يلتقي رؤساء مؤسسات في مدينة الخليل,2021-10-15 19:00:03,2021-10-15 19:00:03,SAME,guid,8954
5e0af2cd-88ae-4e89-9af2-f19333b3f6e0,دوّاس يلتقي الحلو ويتباحثان في شؤون المنح,2021-10-12 08:47:11,2021-10-12 08:47:11,SAME,guid,8948
8b237b6e-d0d3-437d-93a4-509a9d4cc7d7,دوّاس يلتقي الجيّوسي حامل كرسي اليونسكو للإدارة المستدامة للموارد المائية للتباحث في سبل تفعيله,2021-10-11 11:55:26,2021-10-11 11:55:26,SAME,guid,8943
fc99b8d0-d6ab-4f46-b7fe-195bc594f244,دواس يتفقد سير تنفيذ مشروع نشطاء ضد التنمر عبر الإنترنت,2021-10-09 00:00:00,2021-10-10 05:38:11,UPDATED,guid,8938
3a7374b1-3c05-4843-8fa5-0e48aeed405c,“اللجنة الوطنية” و “التعليم العالي” توقعان اتفاقية لتنفيذ مشروع ريادة الأعمال بالكليات التقنية,2021-10-06 17:32:07,2021-10-06 17:32:07,SAME,guid,8931
9b80b97f-b413-40a2-8634-ebc86e493e04,“اللجنة الوطنية” و”جمعية الرعاية الإنسانية” توقعان اتفاقية لدعم مشروع منتدى الطفل الفلسطيني,2021-10-04 09:49:17,2021-10-04 09:49:17,SAME,guid,8925
89188798-d6f0-45a1-bf9a-ad1b51ac362d,اللجنة الوطنية تعقد اجتماعاً مع مؤسسات وجمعيات ثقافية في غزة,2021-10-03 07:05:22,2021-10-03 07:05:22,SAME,guid,8918
8bdc7dca-544d-4954-98e7-709a3fa3f0fd,“اللجنة الوطنية” و “مؤسسة السنونو” توقعان اتفاقية لدعم مشروع استمتع بحياتك مع الموسيقى,2021-10-02 13:37:43,,UNMATCHED,,
09bb18a6-00a4-4841-ad70-1082a03ea67b,فلسطين تشارك في احتفالية الألكسو وتحصد عدة جوائز,2021-09-29 10:26:25,,UNMATCHED,,
e6fab5b5-0b20-43ca-933c-2dc29d11a202,توقيع اتفاقية ما بين “وزارة السياحة” و”اللجنة الوطنية” و”مؤسسة بدو بلا حدود” لدعم مشروع المشاغل التراثية البدوية,2021-09-28 11:28:28,2021-09-28 11:28:28,SAME,guid,8894
12c6409d-ba33-4b86-be8f-353e485d7669,بدعم من “اليونسكو”… “اللجنة الوطنية” و “نقابة الصحفيين” توقعان اتفاقية لدعم مشروع “شبكة ضباط السلامة”,2021-09-27 09:49:45,2021-09-27 09:49:45,SAME,guid,8880
7ee0aaa3-0df6-4299-876c-c24a5ad52430,فلسطين تشارك في منتدى اليونسكو الاقليمي  للعلم المفتوح في المنطقة العربية,2021-09-22 07:45:36,2021-09-22 07:45:36,SAME,guid,8876
b74b61e3-0334-4893-b7a1-67d922e7ce44,دوّاس يلتقي مديري معهد المخطوطات والبحوث في القاهرة,2021-09-21 09:27:27,,UNMATCHED,,
fd050c98-c59c-476e-a093-fc39103ca4fc,فلسطين تختتم مشاركتها في ورشة تدريبية دولية حول برنامج ذاكرة العالم لليونسكو,2021-09-18 08:25:40,,UNMATCHED,,
8cc71a44-5d51-43cc-bf70-4e6eb1640899,اجتماع “اللجنة الوطنية” و”وزارة السياحة” لبحث سبل تطوير التعاون والعمل المشترك,2021-08-02 11:13:24,2021-08-02 11:13:24,SAME,guid,8794
5cd855cb-b0a6-4e66-8a71-9327317313b1,راديو أجيال: تسجيل 4 مواقع تراثية  فلسطينية على اللائحة النهايئة للتراث في العالم الإسلامي,2021-07-29 07:47:02,,UNMATCHED,,
dd817b29-90e2-46b1-b798-6a7d55c0a973,تلفزيون فلسطين: إدراج أربعة مواقع فلسطينية على قائمة تراث ” الإيسيسكو”,2021-07-28 08:07:38,,UNMATCHED,,
0951e88a-5f45-420f-9e21-e2c9dc0a619c,استضافة د. دوّاس دوّاس أمين عام اللجنة الوطنية ، على قناة مساواة,2021-07-27 11:01:17,,UNMATCHED,,
a8138ae0-a00c-45b6-9f5c-f2a1841b26bb,“اللجنة الوطنية للتربية والثقافة” تعقد اجتماعا لبحث مشاريع فلسطين في برنامج صندوق “اليونسكو” للتنوع الثقافي 2021,2021-07-27 07:23:14,,UNMATCHED,,
76f5aa56-5bd6-4d6c-89f0-0af01fe00f6f,فلسطين تهنئ “الألكسو” بمناسبة الذكرى الـ51 لتأسيسها,2021-07-26 09:58:28,,UNMATCHED,,
ab5d34e6-637f-49e3-8db6-88dc13b0a3d8,أبو زهري: إدراج مواقع وعادات تراثية فلسطينية على لائحة التراث بالعالم الإسلامي,2021-07-25 09:00:37,2021-07-25 09:00:37,SAME,guid,8757
f8d95c8c-7b6c-4e6d-9140-a3cd5667c831,بمشاركة فلسطين.. “الألكسو” تعتمد قرارات لصالح فلسطين والقدس,2021-07-13 12:24:12,2021-07-13 12:24:12,SAME,guid,8737
e5e1d014-6dcd-4a43-bba9-fe292fbf5e23,التربية و”اللجنة الوطنية” توقعان اتفاقية لبناء قدرات معلمي مشاغل الاتصالات,2021-07-08 11:51:58,2021-07-08 11:51:58,SAME,guid,8733
bc7b3f63-deea-4b6e-84ba-01aa0f75e8b5,“الإيسيسكو” تصادق على تمويل 9 مشاريع لصالح دولة فلسطين في 2021,2021-07-05 07:47:59,2021-07-05 07:47:59,SAME,guid,8723
9607b7a0-2d61-4f4d-9fe0-e6d5442527f5,“اللجنة الوطنية للتربية والثقافة”: “الألكسو” تصادق على تمويل 3 مشاريع لصالح دولة فلسطين,2021-06-28 07:22:45,2021-06-28 07:22:45,SAME,guid,8720
73233e0a-449e-456e-bc66-15e43e5e00d3,الأحمد يزور مقر “اللجنة الوطنية للتربية والثقافة والعلوم” ويثني على أدائها,2021-06-21 11:10:07,2021-06-21 11:10:07,SAME,guid,8712
40a9a5fa-b190-4fe4-a18e-53f3a243325c,توقيع اتفاقية ما بين “اللجنة الوطنية” و “وزارة الاتصالات” و “دائرة شؤون اللاجئين” لدعم مشروع إنشاء الفريق الفلسطيني الوطني للبرمجة,2021-06-20 10:41:29,2021-06-20 10:41:29,SAME,guid,8707
e7dcde8b-ccf4-48de-925c-5c24708988d9,أبو زهري والحسيني يبحثان سبل التنسيق والتعاون بين “اللجنة الوطنية” و “دائرة شؤون القدس”,2021-06-18 14:15:46,2021-06-18 14:15:46,SAME,guid,8695
dac76c0c-557e-43c7-8123-38447253fb1e,العالول يزور اللجنة الوطنية للتربية والثقافة والعلوم ويطّلع على أعمالها,2021-06-16 12:53:29,2021-06-16 12:53:29,SAME,guid,8687
c7e032f6-c0fa-4f74-911b-9a395ad641df,بدعم من “اليونسكو””اللجنة الوطنية” و”الأندية المنتسبة لليونسكو” توقعان اتفاقية لدعم مشروع “أيام التعلم البيئي”,2021-06-13 10:21:03,2021-06-13 10:21:03,SAME,guid,8668
51471008-5bbe-4881-a470-3c89a1cc30d3,بدعم من “اليونسكو””اللجنة الوطنية” و”بيالارا” توقعان اتفاقية لدعم مشروع “نشطاء ضد التنمر عبر الإنترنت”,2021-06-10 08:31:38,2021-06-10 08:31:38,SAME,guid,8660
3ba1b819-2e7c-4b99-a357-2c562c0f9595,“اللجنة الوطنية” تثمّن انتخاب فلسطين عضواً في اللجنة الحكومية لحماية وتعزيز تنوع اشكال التعبير الثقافي في اليونسكو,2021-06-06 11:34:46,2021-06-06 11:34:46,SAME,guid,8656
34f84f5f-021e-4bb9-a025-db807f0a07ef,بمشاركة فلسطين: “الألكسو” تختتم دورة في تطوير الكتاب المدرسي والتعليمي,2021-06-02 16:02:56,2021-06-02 16:02:56,SAME,guid,8652
a2f6a748-6a99-45ce-ba46-6cf5ab0981cb,أبو زهري يلتقي مدير مكتب “اليونسكو” في فلسطين ويبحثان سبل تطوير التعاون والتنسيق المشترك,2021-06-01 19:07:03,2021-06-01 19:07:03,SAME,guid,8643
e417bb70-397c-4a9c-b6bd-13ef9afca8cb,فلسطين تشارك في أعمال الورشة الإقليمية الإفتراضية حول حوكمة المياه الجوفية في المنطقة العربية,2021-05-27 13:01:30,2021-05-27 13:01:30,SAME,guid,8639
4765eb63-6c09-4bdb-8702-f4dccde87b3d,“اللجنة الوطنية للتربية والثقافة والعلوم” و “مكتب اليونسكو الوطني” يعقدان لقاءً تدريبياً حول صندوق اليونسكو الدولي للتنوع الثقافي,2021-05-26 14:11:41,2021-05-26 14:11:41,SAME,guid,8634
7d6afe6b-2ccf-4b38-bd5e-fe32aafce68e,مناقشة رسالة ماجستير الزميل محمد أبو شوقة,2021-05-26 09:35:05,2021-05-26 09:35:05,SAME,guid,8630
ba6823af-cbac-40c5-91c8-ed833f694123,فلسطين تشارك في احتفالية الألكسو باليوم العالمي للتنوع الثقافي من أجل الحوار والتنمية,2021-05-25 20:31:41,2021-05-25 20:31:41,SAME,guid,8626
46b0a6aa-d062-4585-9348-20397477e39b,“الإيسيسكو” تدشن رواقا للفن المعاصر.. و”لوحة الأمل” أول المعارض,2021-05-21 13:31:09,2021-05-21 13:31:09,SAME,guid,8606
6a891d8e-1e44-47ad-9e8e-8e4e9f70c05c,الألكسو تستنكر العُدوان على المؤسّسات التربويّة والثقافيّة,2021-05-20 18:25:13,2021-05-20 18:25:13,SAME,guid,8592
21d3edcc-e107-4b77-9ca5-9f44c77dd8d5,باسم المجموعة العربيةوفد فلسطين “باليونسكو” يوجه رسالة للمديرة العامة للمنظمة حول جرائم الاحتلال ضد الشعب الفلسطيني,2021-05-19 13:10:06,2021-05-19 13:10:06,SAME,guid,8588
3373c49e-6d47-4dc5-b488-6233a35dc4c5,مدير عام “الإيسيسكو” يكتب قصيدة للقدس,2021-05-18 14:14:42,2021-05-18 14:14:42,SAME,guid,8567
b40db74b-b440-42bd-bdd9-080121f0b51f,“الألكسو” تدين العدوان الإسرائيلي على الشعب الفلسطيني وعلى القدس الشريف,2021-05-17 18:30:51,2021-05-17 18:30:51,SAME,guid,8563
4ab6ae65-606c-4b82-b759-9c58f55bdb94,فلسطين تشارك في الاجتماع الدولي الحكومي (الفئة 2) للجنة الخاصة بمشروع توصية اليونسكو بشأن العلم المفتوح,2021-05-12 19:20:53,,UNMATCHED,,
8dfc6378-39fe-4682-aeaa-b9fb22f3a4d8,“الإيسيسكو” تدين بشدة الانتهاكات الإسرائيلية في القدس الشريف,2021-05-09 22:23:48,,UNMATCHED,,
84670500-d1f0-4d59-a167-de5ea848674b,أبو هولي يطلع على سير عمل اللجنة الوطنية للتربية والثقافة والعلوم,2021-04-27 11:59:12,2021-04-27 11:59:12,SAME,guid,8525
338927d9-da4f-4a8d-86e7-5f25575c2b0f,فلسطين تشارك في اجتماعات “اليونسكو” حول دعم عملية التشاور في مجال العلم المفتوح في المنطقة العربية,2021-04-26 12:56:14,2021-04-26 12:56:14,SAME,guid,8518
d8f36004-9ffc-4ad5-b572-405185b453f8,اختتام فعاليات سلسلة كرسي “اليونسكو” لحقوق الإنسان بالنجاح الوطنية بعنوان (الشباب يتساءل),2021-04-22 16:20:36,2021-04-22 16:20:36,SAME,guid,8501
a9cfa748-78e9-4270-a0d8-9c9174c5255c,فلسطين تشارك في اجتماع “الألكسو” للخبراء حول بناء القدرات العربية في مجال حماية البيانات والأمن السيبراني,2021-04-22 08:27:34,2021-04-22 08:27:34,SAME,guid,8495
fd0950de-6612-442e-a868-d5d65d8435d8,أمام المجلس التنفيذي للمنظمة..وفد فلسطين لدى “اليونسكو” ينقل نداء القيادة بضرورة احترام حقوق الإنسان بفلسطين عبر انتخابات حرة,2021-04-14 13:45:44,2021-04-14 13:45:44,SAME,guid,8489
4f8746d1-f9b9-4eec-ba4b-85ccb8292b11,فلسطين تختتم مشاركتها في الدورة الـ41 للمجلس التنفيذي للإيسيسكو,2021-04-01 11:08:08,2021-04-01 11:08:08,SAME,guid,8485
8e6a66c0-6026-42a9-8ce8-c3e2c3b46f1c,فلسطين تشارك في الاجتماع الأول للجنة العلمية الدائمة لشبكات “الألكسو”,2021-03-31 10:13:49,,UNMATCHED,,
528d33d8-2acf-46ea-8961-c75a924dfee5,أ.د. أبو زهري: “عالمنا الإسلامي كان ولا يزال وسيبقى إلى جانب العدالة والحق الفلسطيني”فلسطين تشارك في أعمال الدورة الـ41 للمجلس التنفيذي لمنظمة “الإيسيسكو”,2021-03-30 13:12:21,2021-03-30 13:12:21,SAME,guid,8469
9a50ba58-4e37-424b-b095-ec0c5a9c08e8,“اللجنة الوطنية للتربية والثقافة” و”وزارة المرأة” تبحثان آليات تمكين المرأة تربوياً وثقافياً وعلمياً,2021-03-29 16:03:19,2021-03-29 16:03:19,SAME,guid,8465
134b7623-cc93-4862-b893-d09013097e0d,إنجاز فلسطيني جديد.. “اللجنة الوطنية “: فلسطين تحصد جوائز مسابقة الأسبوع العربي للبرمجة,2021-03-24 12:46:39,2021-03-24 12:46:39,SAME,guid,8447
321ad50b-5e86-4f8e-a202-9c2378aaa191,بدعم من “الألكسو” وبمبادرة من “الاتصالات”.. “الاتصالات” و”اللجنة الوطنية للتربية والثقافة” تشاركان في استعراض مشاريع طلبة مبادرة مليون طفل مبرمج,2021-03-17 12:06:10,2021-03-17 12:06:10,SAME,guid,8427
7b7ae269-5d02-4630-823f-3e78ef50ac99,الوزير عساف يزور “اللجنة الوطنية للتربية والثقافة” ويطلع على أعمالها,2021-03-16 15:16:06,2021-03-16 15:16:06,SAME,guid,8411
d02d1f0e-139f-42f8-b2ad-4447ecbf012d,“اللجنة الوطنية” تشارك في ندوة كرسي “اليونسكو” للديمقراطية وحقوق الإنسان عن الانتخابات ما بين الحاجة والضغط الخارجي,2021-03-16 09:45:23,2021-03-16 09:45:23,SAME,guid,8408
27ff9783-0120-4bd0-9c62-952509e75f38,“اللجنة الوطنية للتربية والثقافة” تبحث سبل تفعيل المقاربة التشاركية مع “الإيسيسكو”,2021-03-15 20:43:18,2021-03-15 20:43:18,SAME,guid,8404
0e9678d5-b18e-4597-933f-9d02f74f6628,تهنئة بمناسبة اليوم العالمي للمرأة 8 آذار,2021-03-08 08:42:40,2021-03-08 08:42:40,SAME,guid,8395
9e2d3ab2-9add-4360-a95d-e166ca00e90f,“اللجنة الوطنية للتربية والثقافة” تسلم جامعتي الأزهر والإسلامية معدات مشروع رفد القطاع الصحي بمتطوعين للمساندة في جهود الوقاية من كورونا,2021-03-07 10:47:50,2021-03-07 10:47:50,SAME,guid,8391
bc2c8e4e-2a96-4fcc-a823-743441fb59da,إنجازات فلسطين في تقرير “اليونسكو” بشأن مساهمات اللجان الوطنية حول العالم خلال فترة كورونا,2021-03-04 09:18:05,2021-03-04 09:18:05,SAME,guid,8387
c4db29bc-731d-4749-9ab6-2ec51cee7458,“اللجنة الوطنية للتربية والثقافة” تحتفل باليوم الدولي “لليونسكو” للغة الأم عبر فيديو عن اللغة العربية,2021-02-21 14:55:49,2021-02-21 14:55:49,SAME,guid,8380
5b2c7439-c3ae-4e76-88cc-5ceafcc7f1e1,اختتام مشروع بناء قدرات طلبة المهن الطبية لدعم جهود الوقاية من كورونا بالمحافظات الجنوبية,2021-02-15 09:08:58,2021-02-15 09:08:58,SAME,guid,8375
0fdb3e38-c7e0-4b21-93ef-588c2db565d2,د. دوّاس يبحث مع مجموعة من المجالس القروية سبل تعزيز المشهد الثقافي والتربوي على المستوى المحلي,2021-02-10 14:34:52,2021-02-10 14:34:52,SAME,guid,8363
c46e0d0e-2602-4c64-8273-fe5763414ec4,أصدرتها إدارة الثقافة في “الألكسو”     “اللجنة الوطنية للتربية والثقافة” تنشر العدد 66 من المجلة العربية للثقافة,2021-02-10 09:49:30,2021-02-10 09:49:30,SAME,guid,8354
f07079c7-6c9a-45fe-8b32-cbc7a6b38ff8,تنظمه “اليونسكو”.. “اللجنة الوطنية للتربية والثقافة” تدعو للمشاركة في الاحتفال باليوم العالي ال 10 للإذاعة,2021-02-03 09:19:01,2021-02-03 09:19:01,SAME,guid,8351
fd81b236-06cc-4b99-90b8-36f9bb4da908,فلسطين تشارك في الندوة العلمية للإعلان عن إطلاق الأسبوع العربي للبرمجة,2021-02-02 14:19:55,2021-02-02 14:19:55,SAME,guid,8346
f8c17968-bb2d-407f-ba9a-baba0a66f099,القدس المفتوحة تنظم لقاء افتراضيا لتشكيل ملتقى باحثي ومدرسي الاتصال والإعلام في الجامعات الفلسطينية,2021-02-02 08:18:13,2021-02-02 08:18:13,SAME,guid,8342
5c2be45f-4061-49b9-a5a8-bebfbda64e60,خلال اختتام مشروع “لوين رايحين”أبو زهري: المسرح هو أحد وسائل كفاحنا في مسيرة نضالنا الوطني,2021-01-25 08:41:18,2021-01-25 08:41:18,SAME,guid,8339
a69bfe3e-3afa-4f74-93fb-18fb19eaed8a,فلسطين تحتفل باليوم الدولي للتعليم عبر فعالية وطنية افتراضية بمشاركة المسؤولين عن التعليم,2021-01-24 13:55:03,2021-01-24 13:55:03,SAME,guid,8336
5723c3dc-180e-4c9f-b521-ae8c9b4740cf,فلسطين تشارك في فعاليات الألكسو بمناسبة اليوم العربي للمسرح,2021-01-23 21:51:55,2021-01-23 21:51:55,SAME,guid,8330
b2f6d642-4a65-4f19-b26d-0e7a8354e790,“اللجنة الوطنية للتربية والثقافة” تبحث سبل تطوير التعاون مع طاقم شؤون المرأة,2021-01-21 11:10:00,2021-01-21 11:10:00,SAME,guid,8323
de11dc73-06fd-421f-bd7a-75b88fdb397a,فلسطين تشارك في الاجتماع التنسيقي لشبكة الكراسي العلمية المنتسبة للألكسو,2021-01-20 14:11:58,2021-01-20 14:11:58,SAME,guid,8318
87a58d82-44d1-45f5-8eb2-f53463be2ad4,“اللجنة الوطنية للتربية والثقافة” تبحث سبل التعاون مع لجنة إعمار الخليل,2021-01-19 10:06:58,2021-01-19 10:06:58,SAME,guid,8309
3ebfc9f3-0c82-4a64-b1ed-10f4fac20e80,بتمويل من “الألكسو”..”غزة للثقافة” تبدأ عروض مسرحية (لوين رايحين) ضمن مشروع المسرح الجامعي,2021-01-18 14:53:50,,UNMATCHED,,
bcad4e18-1f89-4d1a-a7d0-85473027794e,فلسطين تشارك في اليوم العربي لذوي الاحتياجات الخاصة,2021-01-04 14:23:11,,UNMATCHED,,
2b0050cc-6875-4c7e-92ad-82d3f24d0a5f,“اللجنة الوطنية للتربية والثقافة”: “اليونسكو” تصادق على 7 مشاريع لصالح دولة فلسطين,2020-12-29 12:01:16,,UNMATCHED,,
141d255a-57da-4463-880a-e026cf70576d,فلسطين تشارك في اجتماع المجموعة العربية “بالإيسيسكو” حول ميثاق اللجان الوطنية,2020-12-28 13:39:16,,UNMATCHED,,
d6d43e1e-84bd-42b4-87db-a52ce9393732,فلسطين تفوز بالميدالية الفضية في الأولمبياد العربي للرياضيات,2020-12-26 16:06:33,,UNMATCHED,,
a78764f2-5d72-4387-a32b-c856f67a18d0,“اللجنة الوطنية للتربية والثقافة” تدعو للمشاركة في مسابقة الألكسو “رقمن اسمك بالعربي”,2020-12-21 15:39:54,2020-12-21 15:39:54,SAME,guid,8267
15addec1-1333-4cd6-a1d3-e38b74306875,بمشاركة دولة فلسطين..الدورة الـ42 لاجتماعات اتحاد مجالس البحث العلمي تعلن فوز الباحث الفلسطيني محمد برقان بجائزة الباحثون الشباب,2020-12-15 11:22:27,2020-12-15 11:22:27,SAME,guid,8260
5a45260b-4920-482a-ad71-be03eb54c8a4,“اللجنة الوطنية للتربية والثقافة”: “الإيسيسكو” تدرج مواقع تراثية فلسطينية على قائمة التراث في العالم الإسلامي,2020-12-14 11:01:39,2020-12-14 11:01:39,SAME,guid,8255
9c0a5bbb-7e8d-4f42-8e82-cecf32685dd0,بمناسبة ذكرى يوم اعتمادها”اللجنة الوطنية للتربية والثقافة” تدعو للضغط على الاحتلال من أجل تطبيق اتفاقية “اليونسكو” لمكافحة التمييز في التعليم,2020-12-14 09:04:27,2020-12-14 09:04:27,SAME,guid,8250
1f1f742d-ff95-4b48-8e57-23db2b14a14f,اللجنة الوطنية للتربية والثقافة”: فلسطين تشارك في فعاليات إطلاق شبكات المدارس والنوادي والكراسي المنتسبة للألكسو,2020-12-09 10:48:39,2020-12-09 10:48:39,SAME,guid,8233
4fa95631-22e2-4377-a0ce-8f46decd2e6c,خلال أعمال الدورة الـ210 للمجلس التنفيذي  “اللجنة الوطنية للتربية والثقافة” تشيد بقرارات اليونسكو الخاصة بفلسطين وتطالب بآليات عملية لتنفيذها,2020-12-07 16:59:28,2020-12-07 16:59:28,SAME,guid,8228
4ca0fd7a-8513-459f-9085-aeabd8d1f737,طورها مكتب “اليونسكو” الإقليمي للتربية بيروت “اللجنة الوطنية” تدعو للمشاركة في منصة “قدرات” الإقليمية لبناء قدرات المعلمين في المنطقة العربية في التعليم عن بعد,2020-12-06 08:40:21,2020-12-06 08:40:21,SAME,guid,8219
88962997-ddd7-4d62-9d0b-3b4688be6935,باليوم العالمي للتضامن مع الشعب الفلسطيني..الألكسو” تحيي صمود الشعب الفلسطيني من أجل الحصول على حقوقه المشروعة”,2020-11-30 11:51:04,,UNMATCHED,,
bbefb16f-f131-40a6-b802-a5794fbcd55d,“اليونسكو”: اليوم الدولي للتضامن مع الشعب الفلسطيني فرصة لإبراز التزامنا بمساعدتهم على بناء السلام الدائم,2020-11-29 12:57:43,,UNMATCHED,,
dc92f643-617c-4478-9baa-f7aec2d0d8e3,في اليوم العالمي لشجرة الزيتون..”اللجنة الوطنية” تدعو للمزيد من الاهتمام بالشجرة المباركة,2020-11-26 11:36:26,,UNMATCHED,,
fc286aa8-0eae-4ee2-96ba-aa7fd009ae1e,“اللجنة الوطنية” تختتم مشروع بناء قدرات طلبة كليات المهن الطبية لدعم الجهود بالوقاية من كورونا,2020-11-26 09:17:15,,UNMATCHED,,
0f1c7ed4-0e1a-4521-bcca-306478c01561,“اللجنة الوطنية للتربية والثقافة”: الفلسطينية رجاء عايش تفوز بمسابقة “الإيسيسكو” للأفلام القصيرة,2020-11-24 10:55:19,2020-11-24 10:55:19,SAME,guid,8165
6a6971e0-cc7f-44a4-b86b-986266cdefa3,“اللجنة الوطنية”: “الألكسو” تنشر كتابا بعنوان (من أجل وضع استراتيجية عربية لمكافحة التطرف العنيف والفكر المتشدد ومعالجة آثارهما),2020-11-17 15:06:33,2020-11-17 15:06:33,SAME,guid,8157
10a13182-6b1e-4565-b796-e184cf5db94b,“اليونسكو” تعزي بوفاة القائد د. صائب عريقات,2020-11-11 17:31:22,2020-11-11 17:31:22,SAME,guid,8153
f27aadd4-94af-4684-9372-a312d3fa0b4d,الألكسو تنعى كبير المفاوضين من أجل استقلال دولة فلسطين الدكتور صائب عريقات,2020-11-11 17:25:23,2020-11-11 17:25:23,SAME,guid,8148
21f404b6-1e18-4bd9-831b-a0a0343a2897,أبو زهري ينعى القائد الوطني الكبير د. صائب عريقات,2020-11-10 11:48:22,2020-11-10 11:48:22,SAME,guid,8143
c12e1cd2-8f2f-4102-a19e-a2a738b31eea,الإيسيسكو تدعو إلى احترام الأديان وعدم توظيفها في أغراض سياسوية أو مزايدات إعلامية,2020-10-25 10:18:09,2020-10-25 10:18:09,SAME,guid,8137
5e4508ea-a7b3-41b2-a769-3523af050e02,“اليونسكو” تشيد بأداء اللجنة الوطنية الفلسطينية للتربية والثقافة والعلوم,2020-10-21 07:08:06,2020-10-21 07:08:06,SAME,guid,8133
16179372-4898-41cd-85c3-4a11a68b99ca,بدعم من “الألكسو”..”اللجنة الوطنية للتربية والثقافة” و”غزة للثقافة” يوقعون اتفاقية لتنفيذ مشروع المسرح الجامعي “لوين رايحين”,2020-10-14 06:47:56,,UNMATCHED,,
3832d075-59db-4702-aaf1-309cbf1ab54c,أبو زهري يشارك في ندوة علمية حول “تجربة التعليم الإلكتروني ومستقبل التعليم العالي بعد كورونا”,2020-10-08 07:52:09,,UNMATCHED,,
fc5f812b-318a-47fd-bf4e-4fbb5d602993,الرئيس يهاتف رئيس اللجنة الوطنية للتربية والثقافة والعلوم ويثني على آدائها,2020-10-07 10:12:21,,UNMATCHED,,
85d5f10e-ba6e-4464-aec2-4dc982ec33eb,“اللجنة الوطنية للتربية والثقافة” تنشر تقرير مساهماتها في ظل كورونا وتقريرها السنوي 2019,2020-09-30 09:32:35,2020-09-30 09:32:35,SAME,guid,8100
26b8dc6b-e984-4cf5-95ff-8340e2efcf41,“اللجنة الوطنية للتربية والثقافة” تعلن زيادة “الإيسيسكو” لعدد المنح المقدمة لطلبة فلسطين,2020-09-29 08:30:02,2020-09-29 08:30:02,SAME,guid,8093
1136a403-9871-4edb-b224-fa8bb25d3171,“اللجنة الوطنية”: “اليونسكو” تحتفي باليوم الدولي لتعميم الانتفاع بالمعلومات ببرنامجين لتنمية الاتصالات والمعلومات للجميع,2020-09-28 08:01:17,2020-09-28 08:01:17,SAME,guid,8088
1c77d185-e6dd-4bb2-925e-574e1e46d072,“اللجنة الوطنية للتربية والثقافة”: بيت لحم تحصل على عضوية شبكة “اليونسكو” العالمية لمدن التعلم,2020-09-21 11:35:02,2020-09-21 11:35:02,SAME,guid,8082
4ffb3402-2bf5-4976-8bb0-03fe15bc7653,رئيس الوزراء يتسلم تقرير “الوطنية للتربية والثقافة والعلوم “2019” وتقرير مساهمتها في ظل كورونا,2020-09-20 14:12:38,2020-09-20 14:12:38,SAME,guid,8076
30f2b813-b497-4e38-8750-f32f6d982464,مندوبية فلسطين لدى اليونسكو: معرض “من أجل متحف في فلسطين” ينطلق في ١٧ أيلول الجاري,2020-09-16 17:28:46,2020-09-16 17:28:46,SAME,guid,8071
503752e8-e231-4f4c-aa09-f4fd9c1817a7,“اللجنة الوطنية”: “الألكسو” تنشر الدليل الإرشادي الصحي للعودة المدرسية والجامعية,2020-09-13 09:04:38,2020-09-13 09:04:38,SAME,guid,8067
96019b0a-30d7-4a40-9887-3258dfa9c452,“اللجنة الوطنية”: “الألكسو” تصدر المعجم الموحد لمصطلحات وطرائق التدريس,2020-09-09 07:25:33,2020-09-09 07:25:33,SAME,guid,8055
c1f3b70b-eab4-4d99-a65b-6c37b63eec12,“اللجنة الوطنية” تعلن عن تمديد التقديم لبرنامج الزمالات المشتركة بين “اليونسكو” وبولندا في علم الآثار والحفظ 2020-2021,2020-09-06 11:24:28,2020-09-06 11:24:28,SAME,guid,8052
4447904a-dd4b-4769-92bf-efb8f1103461,“اللجنة الوطنية”: “اليونسكو” تنشر تقريرا حول استجابة مكتبها للتربية في بيروت لأزمة كورونا,2020-08-27 11:32:56,2020-08-27 11:32:56,SAME,guid,8043
eb94671a-ebac-48e1-90fd-ed3f19b0093e,“اللجنة الوطنية”: “الألكسو” تنشر دليل إصدارات المركز العربي للتعريب والترجمة والنشر,2020-08-26 09:10:15,2020-08-26 09:10:15,SAME,guid,8038
a4c704e3-e9e8-4ef6-b694-6eb8157e8d42,“اللجنة الوطنية” تشارك باجتماع “اليونسكو” التشاوري الإقليمي للعلوم المفتوحة بالدول العربية- عن بعد,2020-08-24 16:07:49,2020-08-24 16:07:49,SAME,guid,8024
6343ab95-c0e9-4f4e-90af-644041bbe4ef,اللجنة الوطنية”: “الإيسيسكو” تقدم دورة افتراضية متخصصة في مجال التراث,2020-08-23 14:00:20,2020-08-23 14:00:20,SAME,guid,8021
6dbc9bf2-c228-439e-88c7-22245c7800f6,“اللجنة الوطنية”: مكتب “اليونسكو” للتربية في بيروت يصدر نشرة لأهم الأنشطة بزمن كورونا,2020-08-13 11:46:18,2020-08-13 11:46:18,SAME,guid,8015
17c4378d-feec-461e-b4d9-cedbecd2b863,“اللجنة الوطنية” تدعو للكتابة في العدد ٦٦ من المجلة العربية للثقافة الصادرة عن “الألكسو”,2020-08-13 10:26:29,2020-08-13 10:26:29,SAME,guid,8010
10b73191-5a79-450a-b6da-b305a4af5114,“اللجنة الوطنية”: “اليونسكو” تنشر ملخصا لاستجابة مكاتبها الإقليمية لأزمة (كوفيد-19) في المنطقة العربية,2020-08-09 12:12:20,2020-08-09 12:12:20,SAME,guid,7999
bceb70aa-089c-4bbc-b3db-63b754bc3a1f,الألكسو تُدين بشدّة استهداف الحرم الإبراهيميّ الشّريف في مدينة الخليل,2020-08-08 12:00:00,2020-08-08 12:00:00,SAME,guid,7995
45ce878c-2235-4354-9171-c32ff22c013c,“اللجنة الوطنية” تبعث رسائل احتجاج متطابقة “للإيسيسكو والألكسو” حول تغيير الاحتلال لمعالم الحرم الإبراهيمي,2020-08-07 13:46:06,2020-08-07 13:46:06,SAME,guid,7988
7bb0dccc-ff7f-46d0-a393-a6245bea4d6a,بدعم من “الألكسو” “اللجنة الوطنية” و”الاتصالات” توقعان اتفاقية لدعم مشروع “مليون طفل مبرمج”,2020-08-06 10:08:37,2020-08-06 10:08:37,SAME,guid,7980
d32f9836-a9cc-4a4b-ac8d-2c96a881a010,أ.د. أبو زهري يبحث مع اتحاد المعلمين تداعيات الأزمة الراهنة وتنفيذ أنشطة مستقبلية,2020-07-28 16:33:06,2020-07-28 16:33:06,SAME,guid,7975
02de9d09-5cdd-4323-8f8a-22fbdb124883,“اللجنة الوطنية: مندوبية فلسطين لدى “اليونسكو” تقدم اعتراضات على تغيير المعالم التاريخية بالقدس وسرقة حجر المعمودية ببيت لحم”,2020-07-28 12:46:41,,UNMATCHED,,
8001a555-9b33-4bb4-aee0-3e8c275f8da7,بدعم من “الإيسيسكو” التنمية الاجتماعية و”اللجنة الوطنية” توقعان اتفاقية لدعم مشروع “القوافل الطبية والاجتماعية والتعليمية لحالات كورونا”,2020-07-23 10:17:33,,UNMATCHED,,
12b860bc-a66b-4054-9c4b-f2a2081c00b8,بدعم من “الإيسيسكو” “اللجنة الوطنية” ووزارتا الصحة والتعليم العالي يوقعون اتفاقيتين لدعم الجهود الوطنية في محاربة انتشار كورونا,2020-07-21 13:41:45,2020-07-21 13:41:45,SAME,guid,7916
ec5d4815-f5d9-4168-afee-be61e6a5e184,“اللجنة الوطنية للتربية والثقافة”: “الإيسيسكو” تدعم مشروع “التعليم العالي” لرفد القطاع الصحي في مواجهة كورونا,2020-07-15 09:19:32,,UNMATCHED,,
ede1d8c4-f2af-42b8-bf92-c41133bf7a60,“اللجنة الوطنية”: “اليونسكو” توافق على تجديد كرسيها لحقوق الإنسان في “النجاح”,2020-07-14 11:43:52,,UNMATCHED,,
dc445da7-4671-4ffd-a293-9c20ba2822dd,اللجنة الوطنية: اليونسكو تنشر ورقة سياسات للتعلم عن بعد في المنطقة العربية,2020-07-13 10:06:03,2020-07-13 10:06:03,SAME,guid,7890
6c948163-1cf2-4876-b377-973e7e245426,وزارتا “التعليم العالي” والصحة و”اللجنة الوطنية” يعقدون اجتماعا لبحث تنفيذ مبادرة تجنيد متطوعين من كليات المهن الصحية لمحاربة كورونا,2020-07-12 09:02:33,2020-07-12 09:02:33,SAME,guid,7886
fbcd35e1-e233-4251-967b-03b6e1e8f4c6,“اللجنة الوطنية” تبارك نجاح طلبة الثانوية العامة 2020,2020-07-11 10:11:39,2020-07-11 10:11:39,SAME,guid,7882
1bb5855f-c182-400f-b9dd-bd0ad74f994e,أبو زهري أمام المؤتمر العام للألكسو: الحقوق الاجتماعية والتعليمية والثقافية في فلسطين تتعرض لابشع انتهاك من الاحتلال,2020-07-09 12:40:26,2020-07-09 12:40:26,SAME,guid,7873
cc198646-152b-4570-8998-0bbf737a5457,“اللجنة الوطنية” تعقد اجتماعا لدراسة مشاريع فلسطين لبرنامج صندوق “اليونسكو” للتنوع الثقافي 2020,2020-07-08 11:33:46,2020-07-08 11:33:46,SAME,guid,7868
f64fbbd8-d8c5-4e16-a913-e75cc774f06a,“اللجنة الوطنية” تدعو “اليونسكو” لمواصلة العمل على حماية المقدرات الثقافية والحقوق التعليمية في فلسطين,2020-07-07 11:49:27,,UNMATCHED,,
290a6b9e-be3a-4c17-8b82-b43f996de979,اللجنة الوطنية”: “الإيسيسكو” تمدد أجل المشاركة في جوائزها,2020-07-07 11:30:46,,UNMATCHED,,
4b841523-3dbf-430a-abfd-6decf7665acf,“اللجنة الوطنية”: مكتب “اليونسكو” للتربية في بيروت ينشر تقريرا لأنشطة 2018-2019,2020-07-07 11:23:51,,UNMATCHED,,
d7bcc0bb-bb92-4d08-a61d-9bb559d1ddad,قُدم خلالها تقريراً حول القدس:            فلسطين تشارك في أعمال الدورة 113 للمجلس التنفيذي “للألكسو”,2020-07-05 10:15:52,,UNMATCHED,,
b92c8941-df80-4ae0-9754-eed6e9ccebf4,بدعم من “اليونسكو” “التعليم العالي” و”اللجنة الوطنية” توقعان اتفاقية لتجنيد متطوعين من طلبة التخصصات الطبية لدعم الجهود في مواجهة فيروس كورونا,2020-07-02 16:37:09,,UNMATCHED,,
b4356148-37b1-48db-9e5b-d7f28f908fdd,افتتاح ندوة فكرية حول إسقاط القرار الإسرائيلي بضم الأغوار الفلسطينية “التمسك بالشرعية الدولية”,2020-07-01 15:22:20,2020-07-01 15:22:20,SAME,guid,7826
e0e91ece-9367-4abf-ab1f-3f142418216e,“اللجنة الوطنية”: “اليونسكو” تعمم حملة “كن واعيا” لإرشاد وتثقيف الأطفال في ظل كوفيد-19,2020-07-01 14:03:14,2020-07-01 14:03:14,SAME,guid,7822
317ce799-6c89-46ee-86c7-580a986a1716,“اللجنة الوطنية”: “اليونسكو” تراقب عن كثب انتهاكات الاحتلال ضد الإعلام الفلسطيني,2020-06-30 19:09:48,2020-06-30 19:09:48,SAME,guid,7816
7e0919c7-a342-4236-a39b-38d13f686afd,“اليونسكو” تنشر الطبعة السابعة لتقرير عمل اللجان الوطنية 2019,2020-06-29 09:24:22,2020-06-29 09:24:22,SAME,guid,7807
8b038819-458a-4d7f-aaae-ddf5554d8d43,فلسطين تشارك في الاجتماع الافتراضي للجان الوطنية “للإيسيسكو” بعنوان “عالم ما بعد كوفيد 19”,2020-06-23 08:33:32,2020-06-23 08:33:32,SAME,guid,7797
9f757cbb-d60c-4001-a657-d79d2cebe5e1,بمشاركة وزير “التربية” الفلسطيني.. ندوة بالإيسيسكو: توظيف تكنولوجيا المعلومات والذكاء الاصطناعي أساسا للارتقاء بجودة التعليم,2020-06-11 06:07:56,2020-06-11 06:07:56,SAME,guid,7792
b888beb6-8c65-44a9-b095-18f518be00cb,“اللجنة الوطنية”: الفنان الفلسطيني سليمان منصور يفوز في جائزة اليونسكو- الشارقة للثقافة العربية 2019,2020-06-10 13:39:28,,UNMATCHED,,
a7a638f4-d4da-46ec-9aaa-11e316328f0f,“اللجنة الوطنية” تنشر برامج الإيسيسكو للتعلم عن بعد في زمن كوفيد 19,2020-05-27 09:18:56,2020-05-27 09:18:56,SAME,guid,7770
a8d428f9-ee12-4e69-b3b4-67c2b7d4ed7f,صادر عن مكتب تنسيق التعريب بالرباط “اللجنة الوطنية” تنشر مُعْجم الألكسو لمُصْطلَحات كُوفِيد 19 (إنجليزي-فرنسي-عربي),2020-05-22 09:59:03,2020-05-22 09:59:03,SAME,guid,7752
3c3dbdf0-3f98-41fe-9062-a8aec74b4707,الألكسو تدعو المجتمع الدولي إلى التصدي للمخطط الإسرائيلي الجديد لضم الأراضي الفلسطينية,2020-05-21 18:53:25,2020-05-21 18:53:25,SAME,guid,7742
adef30e9-885c-4c94-95a6-fc5db5f7e474,“اللجنة الوطنية” تدعو للمشاركة في جائزة الألكسو- الشارقة للدراسات اللغوية والمعجمية بدورتها الرابعة,2020-05-21 09:53:27,2020-05-21 09:53:27,SAME,guid,7737
4dcebe40-e40a-41f3-9f71-66ad7096b65c,“اللجنة الوطنية”: اليونسكو تدعم مشروع تعزيز الأبحاث الإعلامية في الجامعات الفلسطينية لصالح “القدس المفتوحة”,2020-05-20 11:12:54,2020-05-20 11:12:54,SAME,guid,7733
d05dc928-80c7-4571-8bca-1551ef431ca4,دعت لحماية الحرم الإبراهيمي في الخليل.. “اللجنة الوطنية” تبعث رسائل متطابقة “لليونسكو والإيسيسكو والألكسو” حول إغلاق تلفزيون فلسطين في القدس,2020-05-13 11:12:12,2020-05-13 11:12:12,SAME,guid,7722
2b9452d8-8d2e-4343-897e-e4cce93b639a,“اللجنة الوطنية” تنشر أبرز إنجازات “الإيسيسكو” للسنة الماضية,2020-05-12 08:07:43,2020-05-12 08:07:43,SAME,guid,7708
7cb1d18b-22ab-4fde-9ed2-1f7f6509a491,“اللجنة الوطنية” تنشر موجزا فنيا جامعا عن التعليم للأطفال ذوي الإعاقة خلال أزمة كورونا,2020-05-12 07:47:42,2020-05-12 07:47:42,SAME,guid,7706
d63f19fe-08be-4191-9a73-6ad4bc421e95,“اللجنة الوطنية” تنشر إرشادات “اليونسكو” للتعرف على الأخبار الزائفة.,2020-05-08 21:06:26,2020-05-08 21:06:26,SAME,guid,7699
e2c97177-c4e2-4420-a0da-6bc8e393614d,“اللجنة الوطنية” تنشر إرشادات “اليونسكو” لدعم تنمية الأطفال في ظل الكورونا,2020-05-07 16:06:06,2020-05-07 16:06:06,SAME,guid,7687
dc715193-9fb6-4814-b867-18edc2028633,بمناسبة اليوم العالمي لحرية الصحافة “اللجنة الوطنية”: “اليونسكو” تعقد حوارا رفيع المستوى يناقش حرية الصحافة والتصدي للتضليل في ظل كورونا,2020-05-05 12:12:24,2020-05-05 12:12:24,SAME,guid,7675
64bc02f1-a455-4c56-882f-c0a8520975e9,“اللجنة الوطنية” تنشر ترجمة “الألكسو” لكتابين من الصين بخصوص التعليم في زمن الكورونا,2020-05-05 11:11:58,2020-05-05 11:11:58,SAME,guid,7673
af0eb094-5e56-4cdd-b8ce-142dcfc68eea,“اللجنة الوطنية” تنشر دليل “اليونسكو” لتدريس الصحافة,2020-05-05 10:53:53,2020-05-05 10:53:53,SAME,guid,7659
b49c970a-ab61-4643-bf77-456b38707075,“اللجنة الوطنية للتربية والثقافة” تدعو للمشاركة في جائزة “الألكسو” للشباب العربي 2020,2020-05-02 08:52:00,2020-05-02 08:52:00,SAME,guid,7612
254be3a4-ea5a-4517-bb3e-a349ab8c8e14,“اللجنة الوطنية”: فلسطين تشارك في اجتماع “اليونسكو” التفاعلي للجان الوطنية لدول العالم,2020-04-30 08:50:54,2020-04-30 08:50:54,SAME,guid,7605
2205cb09-8ef0-43f4-acd2-7d8abea2ccc4,بدعم من “الإيسيسكو” التربية تتسلم من “اللجنة الوطنية” أجهزة تقنية للتعليم عن بعد,2020-04-29 10:59:11,2020-04-29 10:59:11,SAME,guid,7595
68a52ff0-1122-441c-a78e-c004c87f1b8a,“اللجنة الوطنية”: “اليونسكو” تنشر نصائح للأهل والمعلمين حول نهج التعامل مع أزمة كورونا,2020-04-29 09:52:38,2020-04-29 09:52:38,SAME,guid,7579
dc594e08-2a1e-49e1-abec-6fc4b73cc82e,“اللجنة الوطنية”: “الإيسيسكو” تختتم منتدى الذكاء الاصطناعي ومحاربة “كوفيد 19”,2020-04-28 11:29:18,2020-04-28 11:29:18,SAME,guid,7576
ed9b160d-1b35-4dc7-8ef3-87a8dc10d162,“اللجنة الوطنية”: اليونسكو تزيد مساهمتها في المنح المقدمة لفائدة طلبة دولة فلسطين,2020-04-26 08:03:31,2020-04-26 08:03:31,SAME,guid,7560
8f301900-f8c8-4c65-ac32-86cb61e06ac6,اللجنة الوطنية: “الإيسيسكو” تقدم دعما لمستلزمات طبية وصحية وإغاثية لفلسطين,2020-04-23 16:06:00,,UNMATCHED,,
0f469a63-a751-4386-9fae-e8fa131fae8f,اللجنة الوطنية: الإيسيسكو تطلق مبادرة “لغات إفريقيا، جسور الثقافة والتاريخ”,2020-04-21 14:02:45,,UNMATCHED,,
a5ef1b3c-d436-489b-9097-6c57e39c7f76,بالتعاون بين الإيسيسكو و جامعة نايف العربية للعلوم الأمنية: انطلاق سلسلة المحاضرات حول التعامل مع الأزمات والكوارث,2020-04-20 14:55:35,,UNMATCHED,,
b749a00f-13e7-4466-9fa7-3369f945b050,اللجنة الوطنية: الإيسيسكو تطلق جائزة للأفلام القصيرة لتشجيع الشباب على الإبداع,2020-04-17 05:27:31,,UNMATCHED,,
06a59e2b-5d87-4b5c-b5f7-cea83eac0b97,اللجنة الوطنية : الالكسو تنشر بياناً لمناسبة يوم المخطوط العربي  (2020),2020-04-16 12:37:23,,UNMATCHED,,
9501a03d-4322-41da-a078-ef7901da0317,اللجنة الوطنية :  الألكسو تنشر بيان في اليوم العالمي للفُنون,2020-04-16 04:33:36,,UNMATCHED,,
9afea5ac-5f9c-44af-8de4-d325e09dce3c,التعلیم والتدریب التقني والمھني : في سیاق وباء كورونا المستجدّ (كوفید 19 ) تحویل الأزمة إلى فرص,2020-04-15 22:37:03,,UNMATCHED,,
1d146462-fa71-42c2-9cbe-e2ce807de40e,اللجنة الوطنية: الإيسيسكو تعلن عن جائزة للتصدي لفيروس كورونا المستجد,2020-04-14 11:27:37,,UNMATCHED,,
798376a7-be66-4250-9a0a-0756d4749d81,اللجنة الوطنية :اليونسكو تنشر المبادرة الفلسطينية  للاستعانة بقطاع التعليم العالي في مواجهة كورونا,2020-04-12 16:45:19,,UNMATCHED,,
1583f386-25fa-48a8-99ed-449da5cb49fe,اللجنة الوطنية: “الألكسو” تدعم تنفيذ أنشطة وبرامج ثقافية فلسطينية في ظل أزمة كورونا,2020-04-12 07:50:19,,UNMATCHED,,
f8a929c9-1793-4ab5-9625-e8ddff794b9e,اليونسكو: تدعم الثقافة والتراث في أثناء الإغلاق بسبب جائحة كوفيد-19,2020-04-10 10:07:27,,UNMATCHED,,
be32899d-bdc8-4e86-a197-cef66e50f559,“اللجنة الوطنية” تنشر إرشادات اليونسكو لتعزيز الدعم النفسي والاجتماعي للمتعلمين في ظل أزمة كورونا,2020-04-10 10:03:19,,UNMATCHED,,
67abcc37-a5af-40ad-b6ba-9b3ca5f062fa,“اللجنة الوطنية” تشارك في حلقة نقاش افتراضية “للألسكو” حول واقع التعليم عن بعد,2020-04-09 08:44:20,,UNMATCHED,,
ab879a9c-ec5d-4def-ba88-1d903178bf45,“اللجنة الوطنية” تدعو للمشاركة في مبادرات “الإيسيسكو” الرائدة لمواجهة تفشي كورونا,2020-04-08 17:42:43,,UNMATCHED,,
d1a167a0-a5b1-457b-b411-6428fbbf67ab,مبادارت الإيسيسكو لمواجهة تفشي فيروس كورونا المستجد,2020-04-08 09:03:20,,UNMATCHED,,
d99d26fa-c308-45a9-b1dc-1c28cc300120,منظمة العالم الإسلامي للتربية والعلوم والثقافة – إيسيسكو، تطلق المطوية التعريفية بشأن برامج الثقافة عن بُعد,2020-04-07 11:34:05,,UNMATCHED,,
fd3a187e-c7c9-45a2-9ab1-66c7f1f67063,اللجنة الوطنية:”الإيسيسكو” تدعم قطاع التعليم الفلسطيني بتقنيات التعليم عن بعد,2020-04-06 08:52:15,,UNMATCHED,,
54701805-73fd-402c-a2b8-305fdda3f36e,التعّلم في سياق وباء فايروس كورونا 19-COVID: تحويل الأزمة إلى فرص,2020-04-01 04:48:48,,UNMATCHED,,
dcfc3799-c55c-430b-ba40-42d816f1b8e6,اليونسكو : التعلم في سياق فايروس كورونا – تحويل الأزمة إلى فرص,2020-04-01 04:48:48,,UNMATCHED,,
d8cca465-fbc0-403e-925f-626c71832630,كيفية الاستمرار في المشاركة مع تلاميذك/طلابك في سياق أزمة فايروس كورونا 19-COVID,2020-04-01 04:26:14,,UNMATCHED,,
32a156cf-d585-44c7-93ab-d4bfeb96e17f,اليونسكو: كيفية الاستمرار في المشاركة مع تلاميذك/طلابك في سياق أزمة فايروس كورونا 19-COVID,2020-04-01 04:26:14,,UNMATCHED,,
3001c513-18e9-4023-9348-8af660ec5c61,كيفية تحفير اولادكم اثناء التعلم عن بُعد,2020-03-30 10:55:13,2020-03-30 10:55:13,SAME,guid,7284
08932e18-6ba9-4749-85c4-a57af51c3c3f,اليونسكو: كيفية تحفير اولادكم اثناء التعلم عن بُعد,2020-03-30 10:55:13,2020-03-30 10:55:13,SAME,title,7284
fc243c48-50b6-4805-909a-4f534f71c128,فضاء الألكسو الإلكتروني التربوي لتنمية الثقافة الإعلاميّة لدى الناشئة,2020-03-29 13:59:59,,UNMATCHED,,
4253c2dd-d6c1-4bf4-935e-6974fe6f80bf,“بيت الإيسيسكو الرقمي”.. مبادرة جديدة تدعم بقوة جهود المجتمع الدولي في الحد من انعكاسات كورونا,2020-03-26 15:24:40,,UNMATCHED,,
29320639-becd-4a5b-b1a4-ea495e5e155b,دور اللجنة الوطنية الفلسطينية للتربية والثقافة والعلوم  في التعامل مع ازمة وباء فيروس كورونا,2020-03-26 13:24:03,2020-03-26 13:24:03,SAME,guid,7230
a432a681-c88b-4e5a-95d2-d9922c85aefc,مساهمات منظمة الأمم المتحدة للتربية والعلم والثقافة ( اليونسكو)  لتعزيز نظام التعليم عن بعد في ظل تحديات فيروس كورونا,2020-03-24 10:47:00,2020-03-24 10:47:00,SAME,guid,7210
cf1a1841-a822-44ee-a969-aa3963f4f8ca,المبادرات الوطنية للتعلم عن بعد في ظل تفشي فيروس كورونا المستجد,2020-03-24 10:11:34,2020-03-24 10:11:34,SAME,guid,7283
656c1978-ca4f-47f7-9a22-4f7ce200ed5e,الأيسيسكو: المبادرات الوطنية للتعلم عن بعد في ظل تفشي فيروس كورونا المستجد,2020-04-08 17:42:43,2020-03-24 10:11:34,UPDATED,title,7283
c14ff039-c357-428b-8027-69df00e5f2d2,فيديو توضيحي عن فيروس Covid 19,2020-03-23 15:08:41,,UNMATCHED,,
37c0867e-b0b9-4305-a785-db8e3e917589,الألكسو تطلق مبادرة لتعزيز التعلم المفتوح والتعليم الإلكتروني خلال أزمة الكورونا,2020-03-23 13:02:19,2020-03-23 13:02:19,SAME,guid,7189
6ba0576c-0721-407e-aa59-a45a21a5af77,مقابلة أمين عام اللجنة الوطنية الفلسطينية للتربية والثقافة والعلوم د. دوّاس دوّاس على أثير راية أف أم، للحديث حول دور اللجنة الوطنية في ظل الجهود الوطنية لمحاربة جائحة كورونا.,2020-03-23 12:00:25,2020-03-23 12:00:25,SAME,guid,7185
acdd251e-9547-47c3-8d00-ebee3117a267,الإيسيسكو تقدم رسائل بالفيديو والرسوم للتوعية من خطر كورونا ودعم التَعلُم عن بُعد,2020-03-21 17:56:03,2020-03-21 17:56:03,SAME,guid,7183
0c1e6114-28e4-4e12-9205-ed2b9b2ac02f,الألكسو تطلق مبادرة لتعزيز التعلّم المفتوح والتعليم الإلكتروني خلال أزمة الكورونا,2020-03-21 17:45:59,2020-03-21 17:45:59,SAME,guid,7178
3ff1bd7d-0718-4d02-8466-5fcedca0c008,كيفية التخطيط للتعلّم عن بعد في أثناء فترة الإغلاق المؤقت للمدارس,2020-03-21 17:40:36,2020-03-21 17:40:36,SAME,guid,7175
e68ad537-9830-4ee3-9fba-e941ec541039,اليونسكو: كيفية التخطيط للتعلّم عن بعد في أثناء فترة الإغلاق المؤقت للمدارس,2020-03-21 17:40:36,2020-03-21 17:40:36,SAME,content,7175
7fb18f0b-61c2-4d54-849c-9fbfc36458ae,نصف عدد طلاب العالم منقطعون عن المدرسة: اليونسكو تدشن تحالفاً عالمياً للإسراع في تعميم حلول التعلّم عن بعد,2020-03-21 17:32:21,,UNMATCHED,,
7b064664-041e-4260-ac82-0fa21bbda426,اللجنة الوطنية تكرم الزميلات لمناسبة يوم المرأة العالمي,2020-03-05 14:23:26,2016-02-17 10:15:59,UPDATED,title,609
b2566192-0884-4d60-a3b2-efdf9cc1cf84,“اللجنة الوطنية” و”القدس المفتوحة” تبحثان التعاون في القضايا المشتركة,2020-03-03 12:27:01,,UNMATCHED,,
f2009f17-c286-4996-a31d-09e74ea74043,الإيسيسكو ترصد 200 ألف دولار أمريكي جائزة لمكتشف لقاح أو علاج لفيروس كورونا,2020-03-03 12:02:19,,UNMATCHED,,
e98a6fe0-fb7f-4afe-af55-b69f0de4375e,القاهرة: “اللجنة الوطنية الفلسطينية” تختتم مشاركتها بالاجتماع الإقليمي للجان العربية,2020-02-29 13:26:46,,UNMATCHED,,
503d4c18-8233-4467-9e85-53360f31ffb7,مشاركة  د.دوّاس دوّاس في المؤتمر العربي الثامن للتقييم,2020-02-29 11:55:02,2020-02-29 11:55:02,SAME,guid,7109
d449c7f3-4d81-40dc-9921-de9d48ad88af,د. دوّاس يبحث سبل تعزيز التعاون مع مدير معهد البحوث والدراسات العربية,2020-02-26 08:54:37,2020-02-26 08:54:37,SAME,guid,7093
3e0d5975-7451-4a0e-9d2c-452d8c8ab388,“اللجنة الوطنية” تشارك في أعمال ورشة عمل إقليمية حول “تعزيز وبناء دور وقدرات العاملين باللجان الوطنية العربية”.,2020-02-25 06:50:01,2020-02-25 06:50:01,SAME,guid,7077
e919ee88-1bbd-4369-b38e-35b23550e95d,اللجنة الوطنية ووزارتي التربية والتعليم والتعليم العالي تبحثان سبل تنسيق العمل والعلاقة مع المنظمات الدولية,2020-02-20 14:59:04,2020-02-20 14:59:04,SAME,guid,7071
dfa9f603-a2ec-4731-a5e6-a036bfd54079,“اللجنة الوطنية” تبحث تعزيز سبل التعاون مع أكاديمية بيت لحم للموسيقى,2020-02-18 14:49:48,2020-02-18 14:49:48,SAME,guid,7068
464caeda-3a67-4d2d-b8ba-9a718c7f5f7d,“السياحة” و”اللجنة الوطنية” تبحثان آفاق التعاون المشترك,2020-02-17 06:49:29,,UNMATCHED,,
a3d5ffc0-05ec-4263-b120-56f9f5d714cf,دوّاس يبحث مع بلدية بيت لحم سبل التعاون في تنفيذ البرامج والأنشطة المشتركة,2020-02-13 14:43:16,,UNMATCHED,,
41f37b80-4322-47ba-a920-fcf42bc13fdd,“اللجنة الوطنية” و”بيالارا” تبحثان تطوير برامج لقطاع الشباب,2020-02-12 14:10:41,,UNMATCHED,,
7047b9f2-344d-49f8-873c-0bab334eaec3,“اللجنة الوطنية” تشارك في ورشة العمل الخاصة بمناقشة مسودة الخطة الاستراتيجية للتعليم العالي والبحث العلمي,2020-02-12 14:04:31,,UNMATCHED,,
fb0d225f-561e-4628-9a81-92ffb9c9a69c,أ. د. أبو زهري يطلع مدير عام الإيسيسكو على مستجدات القضية الفلسطينية,2020-01-31 12:08:16,2020-01-31 12:08:16,SAME,guid,7003
701a1ca6-3569-4237-aba0-4fb6091dafaf,أبو زهري أمام الإيسيسكو: القيادة والرئيس محمود عباس والشعب الفلسطيني سيفشلون كل المؤامرات والمخططات العبثية,2020-01-30 06:09:35,2020-01-30 06:09:35,SAME,guid,6999
b7fdbb9d-69e4-4873-a987-95e0f3aaac15,خلال فعالية أقامتها “القدس المفتوحة” لتكريم خريجيها المتميزين “اللجنة الوطنية” تسلم الباحثة الكوع جائزة الألكسو للشباب العربي للعام 2019,2020-01-28 06:20:39,,UNMATCHED,,
1ec01360-4e7d-4ae0-8663-52d95df6f1d7,نعي القائد الوطني الكبير محمد زهدي النشاشيبي ” أبو زهدي”,2020-01-27 12:38:44,2020-01-27 12:38:44,SAME,guid,6975
0ccce6eb-ef4f-4e09-841d-f57ff3395314,“الجدار والاستيطان” و”اللجنة الوطنية” تبحثان تعزيز الواقع الثقافي والتربوي بالمناطق المهمشة,2020-01-20 13:59:34,,UNMATCHED,,
20d4382c-1aeb-4585-9b9c-31d5931f70aa,أ.د. علي أبو زهري عضو اللجنة التنفيذية لمنظمة التحرير الفلسطينية يزور جامعة الأزهر-غزة,2020-01-05 06:14:53,2020-01-05 06:14:53,SAME,title,6953
de44f8ef-2eb5-48b8-b897-06192e9614c9,“الألكسو” تكرم الباحثة الفلسطينية الكوع وتختار فلسطين مقررا للاجتماع الـ7 لوزراء التعليم العالي العرب,2019-12-25 13:06:03,,UNMATCHED,,
aa33a077-2d67-40ef-b9b3-316ac5527321,بمشاركة أمين عام “اللجنة الوطنية” “التربية” ورفاه تطلقان منتدى الرياضيات الـ 15,2019-12-22 14:28:49,,UNMATCHED,,
ae9e74c5-6d02-4c29-b812-ebd80d47067f,أبو زهري يبحث مع مدير عام “الألكسو” البرامج المخصصة لصالح فلسطين والقدس,2019-12-17 09:34:37,2019-12-17 09:34:37,SAME,title,6913
5d47b5d4-c4fe-4b40-9450-f0be2b8701a9,فلسطين تشارك في الدورة العادية الـ41 لمجلس اتحاد مجالس البحث العلمي العربية,2019-12-16 15:37:28,,UNMATCHED,,
21fcaa88-d2b9-456d-a988-93325c529578,“اللجنة الوطنية” تعلن إدراج نخلة التمر الفلسطينية على لائحة التراث الثقافي غير المادي لليونسكو,2019-12-14 11:55:16,2019-12-14 11:55:16,SAME,title,6893
d803d44a-58be-4adb-80ef-07a689202b1d,خلال أعمال الدورة الـ112 للمجلس التنفيذي “الألكسو” تصادق على مجموعة قرارات لصالح القدس وفلسطين,2019-12-12 12:32:26,2019-12-12 12:32:26,SAME,title,6877
adadab48-fd2b-4591-9ade-23c24b2f1daa,بدعم من “الإيسيسكو” “الإذاعة والتلفزيون” و”اللجنة الوطنية” تختتمان دورة وطنية لتدريب مدربين إعلاميين,2019-12-05 13:59:13,2019-12-05 13:59:13,SAME,title,6849
1eb63d8f-2442-4ee7-9428-0c92748e8444,أبو سيف ودواس يبحثان ترتيبات الفعاليات الثقافية المقرة في المنظمات الدولية,2019-12-04 14:21:43,2019-12-04 14:21:43,SAME,title,6840
69e288f6-ab68-4732-8bcf-24fb8f4d6a7c,نص التقرير الختامي لاجتماع لجنة التراث في العالم الإسلامي بمقر الإيسيسكو,2019-12-04 12:22:44,,UNMATCHED,,
28acc0f2-e5bb-4d22-80c1-d10b4c63f2c2,“اللجنة الوطنية” تصدر تقريراً حول مشاركة دولة فلسطين بالمؤتمر العام الـ40 لمنظمة “اليونسكو”,2019-11-30 12:27:23,,UNMATCHED,,
078dc618-9112-4f01-99c5-ff22d15c80b5,بتمويل من “اليونسكو” “التربية” و”اللجنة الوطنية” تعقدان دورة تدريبية في التعليم القائم على المشروع,2019-11-25 10:05:10,,UNMATCHED,,
d10b622d-560a-4c3e-9150-c4a5bb1203a0,هنأت رؤساءها بتوليهم مهامهم الإدارية والأكاديمية “اللجنة الوطنية” تبحث سبل التعاون مع الجامعات في المحافظات الجنوبية,2019-11-24 09:54:17,,UNMATCHED,,
dba5d4e9-9704-4642-99a7-fcd2cb998449,“اللجنة الوطنية” تهنئ أ. د. القيق لتوليه مهام رئيس جامعة غزة,2019-11-20 10:15:02,2019-11-20 10:15:02,SAME,guid,6783
7ed533d8-ec38-47ec-a3da-6ab7016d33c0,بدعم من “الأيسيسكو” السياحة بالتعاون مع اللجنة الوطنية ووزارة التربية والتعليم تفتتح ورشة عمل وطنية حول” حماية التراث الفلسطيني”,2019-11-14 07:29:21,,UNMATCHED,,
83a20af6-02c9-42c6-894e-38021a93d64c,بتمويل من “الألكسو” “اللجنة الوطنية” ووزارتا “التربية” و”السياحة” تفتتح مشروع المتحف المتنقل,2019-11-06 16:56:30,,UNMATCHED,,
4062dfea-2846-46f5-9961-e2cbbae496b2,أ. د. علي أبو زهري يلتقي الهيئة الفلسطينية لحملة الدكتوراه بالوظيفية العمومية,2019-10-24 08:21:11,,UNMATCHED,,
cadc21d6-cfb9-4ccf-8566-1869ee59a00a,تبنوا كرسي الألكسو للقدس وزيادة منح طلبة فلسطين تونس: فلسطين تشارك باجتماع الأيام التعريفية للمنظمتين الإسلامية والعربية واجتماع الأمناء العامين,2019-10-20 05:17:54,2019-10-20 05:17:54,SAME,guid,6651
0dd3ffc0-2b5f-4549-9d74-eebcdc381662,“اللحنة الوطنية” تستعرض أهم أهدافها في المحافظات الجنوبية,2019-10-14 05:02:38,2019-10-14 05:02:38,SAME,guid,6639
cec26d39-8fef-41f2-81d2-c722329cc1ee,في حفل تكريم مدير عام “الإيسيسكو” السابق، أ‌.د. علي أبو زهري يثمن زيارة المنتخب السعودي لفلسطين,2019-10-13 05:51:21,2019-10-13 05:51:21,SAME,guid,6629
c31c85af-950b-4a3b-a48a-6cc3615e5617,“اللجنة الوطنية” تعلن فوز الباحثة رنا الكوع بالمرتبة الأولى في جائزة الشباب العربي 2019,2019-10-13 05:35:37,,UNMATCHED,,
a28e3917-f35d-4b6d-8db8-eb8b5e5c5e0d,الجهاز المركزي للإحصاء الفلسطيني يطلق قاعدة بيانات خرائط الفقر 2017 ( اطلس الفقر),2019-10-10 14:11:01,,UNMATCHED,,
562ec6f3-f279-4829-a8e2-df1b329df51d,أبو زهري يكرّم التويجري بمناسبة انتهاء مهامه مديراً عاماً للإيسيسكو,2019-10-05 18:14:06,,UNMATCHED,,
e120c02d-a44a-4e59-b1fb-ba85d786a4c8,د. دواس والرفاعي يبحثان آليات تعزيز عمل مؤسسة “ميثاق”,2019-10-02 09:38:38,,UNMATCHED,,
fe4d4863-b69b-4aca-852f-d8d325cfc9ae,القاهرة : د. دواس يبحث سبل تعزيز التعاون مع أمين عام “اللجنة الوطنية المصرية” ومعهد المخطوطات,2019-09-18 10:16:58,,UNMATCHED,,
46da8b89-f172-40ad-b735-60956638a9b0,القاهرة : د. دواس يبحث سبل التعاون مع رئيس “معهد البحوث” وقطاع فلسطين في الجامعة العربية كل على حدة,2019-09-17 10:05:15,,UNMATCHED,,
42c988fd-1bc3-4ea0-920f-7067797050ad,د. دواس يلتقي سفير دولة فلسطين في القاهرة,2019-09-17 05:29:02,,UNMATCHED,,
559451b5-f434-4b30-b3ce-6be3088f5bd1,اتفاقية تعاون بين الاذاعة والتلفزيون واللجنة الوطنية للتربية والثقافة والعلوم,2019-09-12 13:19:59,,UNMATCHED,,
7ddb3fa8-18b9-4e40-91f8-3fc497d46bfd,اللجنة الوطنية تشارك في “الندوة الأقليمية حول التراث الثقافي والحضاري في مدينة القدس الشريف” بعمان,2019-09-12 13:17:41,,UNMATCHED,,
a410d628-f516-4a20-a4cd-c3ff423da75b,في مقر جامعة النجاح اللجنة الوطنية وسلطة المياه  تطلقان أعمال كرسي اليونسكو للإدارة المستدامة للموارد المائية,2019-09-05 19:56:15,,UNMATCHED,,
0a2549ce-85d3-4d72-b1e3-63cb5590bdce,دواس يبحث مع مكتب “اليونسكو” في فلسطين سبل تطوير التعاون,2019-08-26 12:49:23,,UNMATCHED,,
3d08f674-e393-4bf1-a372-4f376eaeb129,أ. د. علي أبو زهري يطلع على سير عمل “اللجنة الوطنية” بالمحافظات الجنوبية,2019-07-25 14:29:12,,UNMATCHED,,
43fb3d09-00cd-45b8-8e81-178a17d457b0,“اللجنة الوطنية” تعقد الاجتماع التحضيري للجنة الوطنية للملتقى الثقافي التربوي الفلسطيني العاشر,2019-07-23 11:16:47,,UNMATCHED,,
bd6aecb2-9235-4d2a-b541-4013e8c03600,“اللجنة الوطنية” تهنيء طلبة الثانوية العامة ” إنجاز2019″,2019-07-21 07:33:41,,UNMATCHED,,
7094128c-a21a-4edd-955a-ee778e96ea6f,بتمويل من “اليونسكو” “اللجنة الوطنية” و”القدس للنساء” يختتمان مشروع النساء المقدسيات في شرق القدس “الحقوق والتحديات”,2019-07-21 07:27:06,,UNMATCHED,,
32bff759-e4f6-4924-a98f-484c3b2d71b2,“اللجنة الوطنية” تستضيف اجتماعا لدراسة مشاريع دولة فلسطين ضمن برنامج صندوق “اليونسكو” للتنوع الثقافي,2019-07-21 07:12:01,,UNMATCHED,,
6687ef3d-0fec-45a1-aa0a-9ffcc10544f8,الألكسو تهنئ دولة فلسطين بسحب “موقع كنسية المهد وطريق الحجاج في بيت لحم” من قائمة التراث العالمي المعرّض للخطر,2019-07-09 08:08:59,,UNMATCHED,,
a3d47d81-7792-4ccd-a6ad-245797fb6044,“اللجنة الوطنية” تثمن قرارات اليونيسكو المتعلقة بكنيسة المهد والبلدة القديمة بالقدس الشريف,2019-07-03 09:38:42,,UNMATCHED,,
28877dfe-5401-4e6c-9aed-f2f4a3ee25ac,“اللجنة الوطنية” تحذر من مخاطر افتتاح النفق الاستيطاني في القدس,2019-07-01 07:51:01,,UNMATCHED,,
522c48f0-9ce5-4463-aef1-4b98ce2438cf,“اللجنة الوطنية” تستكمل لقاءاتها مع عدد من المؤسسات الثقافية في المحافظات الجنوبية,2019-06-27 15:59:17,,UNMATCHED,,
e4279516-bf1f-49d9-9237-72bc5a626085,بدعم من “الإيسيسكو”.. 	 “الثقافة” و”اللجنة الوطنية” توقعان اتفاقية لإنتاج فيلم يوثق الحرف التراثية,2019-06-20 18:56:05,,UNMATCHED,,
79e13bc2-1148-408f-b5f0-7ba2a7447a81,بدعم من “الإيسيسكو”..  “اللجنة الوطنية” و”إحياء التراث” تتفقان على تمويل مشروع حماية مخطوطات إسلامية مسيحية بالقدس,2019-06-20 18:43:52,,UNMATCHED,,
5e591874-69bb-447f-8418-c15e0e6b0c0a,“اللجنة الوطنية” تلتقي عددا من المؤسسات الثقافية في المحافظات الجنوبية,2019-06-16 13:21:40,,UNMATCHED,,
27ae872e-c8bf-42f4-8be7-fe5a54573f15,اللجنة الوطنية الفلسطينية” تشارك في أعمال ورشة العمل الدولية “العيش معاً في سلام”,2019-05-16 08:52:14,,UNMATCHED,,
72081709-d8a2-4c2b-9159-d6a523eec0bb,برئاسة دولة فلسطين.. اختتام أعمال الدورة الاستثنائية الثالثة للمؤتمر العام لمنظمة “الإيسيسكو”,2019-05-15 07:47:09,,UNMATCHED,,
2f0bf86d-b285-4614-ab24-dbb3490e0343,اللجنة الوطنية” تشارك في أعمال الدورة 111 للمجلس التنفيذي والـ 7 للمؤتمر العام “للألكسو,2019-05-04 12:49:53,,UNMATCHED,,
59cabfb7-5428-4017-aaba-e2d4ee9b75a7,بدعم من “اليونسكو” عورتاني وزهري   يوقعان  ثلاث اتفاقيات لدعم القطاع التعليمي,2019-04-22 05:03:40,,UNMATCHED,,
43afa26e-b134-4129-bbd4-bbd6112fea55,أبو زهري يدعو إلى حماية مقدرات الشعب الفلسطيني بمناسبة اليوم العالمي للتراث,2019-04-19 10:37:19,,UNMATCHED,,
f048988d-e138-408e-bef2-508f128a9fb9,اختتام الاجتماع الـ10 لخبراء “الإيسيسكو” الآثريين حول الاعتداءات الإسرائيلية على الأقصى ومحيطه بالرباط,2019-04-07 05:22:19,,UNMATCHED,,
837d6cb9-9b6c-4412-8cc7-67ce29455c32,أبو زهري يتسلم رئاسة اللجنة الوطنية للتربية والثقافة والعلوم,2019-04-01 09:53:55,,UNMATCHED,,
e9e4d335-46e4-4093-bda9-1b728ce4a26f,بدعم من الإيسيسكو  “التربية” و”اللجنة الوطنية” تفتتحان تدريبا في استراتيجيات الإشراف على معلمي غرف المصادر,2019-03-31 09:32:43,,UNMATCHED,,
2a105302-86c0-410f-b88b-3d47860ad31c,“التربية” و”اللجنة الوطنية للتربية والثقافة والعلوم ” تنظمان تدريباً استراتيجياً حول تدريس ذوي الإعاقة,2019-03-25 08:02:15,,UNMATCHED,,
2ef52141-9a22-4d35-8f03-aab19d0533c2,إسماعيل يبحث مع السفير التونسي توطيد العلاقات الثقافية,2019-03-12 08:37:25,,UNMATCHED,,
8ed6fadd-1ebd-4be7-a630-1a372d05c722,إسماعيل يستنكر محاولة اغتيال المناضل حلس ويحمل حماس المسؤولية,2019-03-11 12:23:07,,UNMATCHED,,
47bc0b39-5171-40b3-a203-543830e50847,“اللجنة الوطنية” تستنكر استمرار الحملة المشبوهة ضد منظمة التحرير ورئيسها,2019-03-03 10:52:54,,UNMATCHED,,
df0715d0-3639-4b4a-aa5c-e5650327a409,المعاني وإسماعيل يتباحثان في آليات تطوير قطاعات التربية والثقافة والعلوم في الأردن وفلسطين,2019-02-26 09:08:59,2019-02-26 09:08:59,SAME,title,6155
a1a8922d-cf16-4fdd-8bda-535111f91dcb,معالي الأخ محمود إسماعيل يتحدث عن  دور اللجنة الوطنية الفلسطينية للتربية والثقافة والعلوم،,2019-02-19 06:26:17,,UNMATCHED,,
5f5e7f14-b083-4426-897a-a697bc5c74d7,“اللجنة الوطنية” تستقبل مدير مكتب “اليونسكو” في فلسطين لمناسبة نهاية مهامه,2019-02-17 06:04:01,,UNMATCHED,,
481f40a9-830b-45a1-aafe-cd8469f0b83d,إسماعيل يبارك فوز فلسطين بالمرتبة الأولى في مسابقة أفضل المبدعين العرب بالعالم,2019-02-10 09:41:16,,UNMATCHED,,
6a682d9d-9737-4c34-84d0-c4e4f13ec187,إسماعيل يدعو لتدخل دولي لوقف حرب الاحتلال الشعواء على المنهاج الفلسطيني,2019-02-03 12:24:52,,UNMATCHED,,
7e6bdacf-afe3-4815-ac06-4f8f4de13554,“اللجنة الوطنية” تثمن دور الشباب والمؤسسات الثقافية في حفظ تراث فلسطين الحضاري,2019-01-29 09:58:14,,UNMATCHED,,
f6af4c41-aff5-4684-8b5a-f68235f814db,تحت رعاية السيد الرئيس “اللجنة الوطنية” و”زينة القدس الإعلامية” تعقدان مؤتمر الإعلام في عيون القدس “2”,2019-01-29 06:22:30,2019-01-29 06:22:30,SAME,title,6120
8657ecc7-636b-4bfd-ab44-ab928c8e518c,“اللجنة الوطنية” تدعو المجتمع الدولي لضرورة إجبار إسرائيل على تحييد المقدسات عن حملاتها الانتخابية,2019-01-28 07:52:55,,UNMATCHED,,
a6de56ac-57b0-41c7-94fa-3c4c4accf159,بدعم من الإيسيسكو..  إسماعيل يكرم المشاركين في تدريب “تأهيل الشباب للعمل  التطوعي”,2019-01-27 06:12:13,,UNMATCHED,,
f2a48eab-a4dd-4751-88c0-36ab6d257cfb,بدعم من الإيسيسكو..  “شؤون المرأة” و”اللجنة الوطنية” تختتمان تدريب “دور الثقافة في تمكين النساء”,2019-01-23 12:20:46,,UNMATCHED,,
eb63c84e-53cc-402a-91e5-aa52ba443c52,رئيس اللجنة الوطنية الفلسطينية للتربية والثقافة والعلوم محمود إسماعيل، ضيفا في برنامج “يوم جديد” الصباحي على شاشة فضائية القدس التعليمية,2019-01-23 11:20:32,,UNMATCHED,,
e0dd9708-fd3c-4c20-aff7-4a4c2f722b97,“اللجنة الوطنية”: محاولة الاحتلال المساس بمدارس الأنروا في القدس جريمة حرب,2019-01-20 09:49:19,,UNMATCHED,,
10b92c77-dde2-4bad-886b-d14f050eac42,“اللجنة الوطنية” تدعو لحماية الموروث الحضاري في خربة النبي زكريا من بطش   التهويد,2019-01-16 06:15:40,,UNMATCHED,,
f1004fac-e841-4652-8d25-773c87cce846,استنكر اعتداء العابثين على مقره إسماعيل            يدعو لمؤازرة شاشة الكل الفلسطيني,2019-01-06 08:21:19,,UNMATCHED,,
c711a23c-f7bd-4575-9bb1-78aaa6b3a1df,“اللجنة الوطنية” تستنكر دوافع واشنطن للانسحاب من “اليونسكو” ودعمها المستمر        للاحتلال”,2018-12-31 08:53:32,,UNMATCHED,,
8d6bcb14-254d-423e-ad65-1120b076ac42,بدعم من “الإيسيسكو” “شؤون المرأة” و”اللجنة الوطنية” تفتتحان ورشة تدريبية حول دور الثقافة في تمكين النساء,2018-12-24 06:09:55,,UNMATCHED,,
fa6352a3-d801-4f38-baaa-4ba4ae98dddc,إسماعيل يكرم وزير التعليم السوداني وأمين عام مجالس البحث العلمي العربية,2018-12-13 17:38:15,,UNMATCHED,,
c98b0733-8050-466b-93f2-56453946f2df,إسماعيل يشارك في أعمال اجتماعات الدورة الـ40 لاتحاد مجالس البحث العلمي العربية,2018-12-11 12:16:01,,UNMATCHED,,
58e7ffcd-f6ea-4433-b79f-1b9f0a6e8da0,“اللجنة الوطنية” تدعو اليونسكو لردع الممارسات التهويدية للحرم الإبراهيمي,2018-11-22 08:59:15,,UNMATCHED,,
b03460d4-85a5-41ba-946c-6205fc573c1a,“اللجنة الوطنية” تبارك فوز فلسطين برئاسة الحملة العالمية للتّعليم للجميع,2018-11-18 10:08:34,,UNMATCHED,,
85da1226-ccdf-43c0-a1a8-f4ce98c015cb,“اللجنة الوطنية” تشارك باجتماعات الأمناء العامين لأعضاء “الإيسيسكو” في شيراز الإيرانية,2018-11-12 11:59:38,,UNMATCHED,,
ea558eee-67ed-4636-9232-ed21133a8f76,“اللجنة الوطنية” تدعو لتوظيف مساعي “اليونسكو” في حماية الصحفيين الفلسطينيين,2018-11-08 10:16:44,,UNMATCHED,,
977ecd15-db6d-4917-8d8e-4e0145aeecd0,التربية و”اللجنة الوطنية للثقافة” توقعان اتفاقية لدعم التعليم في القدس,2018-11-08 05:56:56,,UNMATCHED,,
abd0c4e0-fe32-4279-8d1e-832e8ad25819,“الثقافة” و”اللجنة الوطنية” توقعان اتفاقية دعم مراكز ثقافية ونسوية مقدسية,2018-11-07 05:59:07,2018-11-07 05:59:07,SAME,title,5957
7cc2e1cb-0ec6-4c98-9b88-5d5a7e829642,استنكر الاعتداء على وزارة ومحافظة القدس الشريف إسماعيل: قانون “الولاء في الثقافة” الإسرائيلي إمعان في عنصرية الكنيست,2018-11-06 08:48:04,,UNMATCHED,,
44427518-136f-49c1-b3be-01f9727d07b1,“اللجنة الوطنية” ومكتب “اليونسكو” في فلسطين يعقدان اجتماعاً لبحث سبل تطوير التعاون,2018-11-01 06:00:43,,UNMATCHED,,
21e0bf02-13a6-4f0b-b3ae-ef9e6a78f33f,بدعم من “الإيسيسكو” السياحة والآثار و”اللجنة الوطنية” توقعان اتفاقية لتأهيل معالم أثرية بالعيزرية,2018-10-31 05:55:30,,UNMATCHED,,
6dc19999-027b-4b3b-b39e-7669623414e4,باريس: اللجنة الوطنية الفلسطينية للتربية والثقافة والعلوم تشارك في اجتماعات “اليونسكو”,2018-10-13 18:37:48,,UNMATCHED,,
ddf9fcb9-a0fc-4ebf-bf6a-ce2cb5d133c3,الرباط: “إيسيسكو” تنتخب فلسطين لرئاسة مؤتمرها العام للدورة الـ13 تحت عنوان “القدس”,2018-10-12 06:58:16,2018-10-12 06:58:16,SAME,title,5919
7ed0e496-ecd8-41fc-9c0a-7e2dfb273598,فلسطين تشارك في الدورة الـ39 للمجلس التنفيذي لمنظمة “الإيسيسكو”,2018-10-10 08:30:32,,UNMATCHED,,
ebdc9e45-76f9-43eb-9f5b-9d278f09d67d,اللجنة الوطنية للتربية والثقافة والعلوم تدعو لتوحيد المشهد الثقافي دعما للرئيس,2018-09-27 07:48:46,,UNMATCHED,,
b6478272-b32b-4a8e-b8a3-60d34317c2c0,“اللجنة الوطنية” و”محافظة القدس” توقعان اتفاقية دعم مؤتمر الإعلام في عيون القدس,2018-09-26 04:56:00,,UNMATCHED,,
abaec610-15c3-40b1-a233-4d25f41dd12c,اتفاقية تعاون بين وزارة شؤون المرأة اللجنة الوطنية الفلسطينية للتربية والثقافة والعلوم,2018-09-19 11:20:04,,UNMATCHED,,
547faa3a-0d6f-4356-8399-c0a301d58cfc,“اللجنة الوطنية” و”جودة البيئة” توقعان اتفاقية تنفيذ ورش عمل لحماية البيئة,2018-09-18 09:40:37,,UNMATCHED,,
c0007bb0-ab11-4d81-b211-136b2a743843,الفنان الفلسطيني عساف يفاجئ وفد “الملتقى الثقافي التاسع” بأمسية فنية,2018-09-03 09:37:46,,UNMATCHED,,
b6e978ed-20bc-428b-9528-7117c951e42f,جمعية الهلال الأحمر تستضيف وفد “الملتقى الثقافي التاسع”,2018-09-03 09:24:05,,UNMATCHED,,
509c9d1f-9fb6-4e2e-b70b-00bcc77ecfd3,وفد “الملتقى الثقافي” يزور وادي قانا برعاية وزارة الثقافة,2018-09-03 09:17:02,,UNMATCHED,,
ce6451c2-ee4c-499e-b352-60a2b1d67d54,نائب محافظ اريحا يطلع  وفد الملتق التربوي الثقافي التاسع على الاوضاع في الاغوار,2018-09-03 09:13:34,,UNMATCHED,,
3e467e8f-d740-4dab-9fd3-850ddade2fb9,أ.د. أبو أصبع يلتقي المشاركين في الملتقى الثقافي التربوي الفلسطيني التاسع,2018-09-03 09:04:34,,UNMATCHED,,
9cf8599e-c71f-40f1-8d65-be390ae0af1a,بيرزيت تستقبل وفد الملتقى الثقافي التربوي الفلسطيني التاسع,2018-09-03 08:54:20,,UNMATCHED,,
df61db40-23a6-4795-b1d9-ee01aab838de,وفد الملقى التربوي يلتقي العديد من القادة السياسيين في فلسطين,2018-08-31 21:05:26,,UNMATCHED,,
234b1a31-3109-4e8c-8fef-ccab3f348529,30 شابا وشابة من الشتات الفلسطيني يتفاعلون مع الملتقى الثقافي التربوي الفلسطيني,2018-08-29 19:52:23,,UNMATCHED,,
6871fb78-2a37-4294-ac5a-80826535f47c,“اللجنة الوطنية” تفتتح الملتقى الثقافي التربوي الفلسطيني التاسع,2018-08-29 19:41:48,,UNMATCHED,,
06df8c9b-7b53-48ee-9000-0c8cd1aa0489,على هامش لقائها مع وفد الملتقى التربوي الثقافي التاسع اللجنة الوطنية الفلسطينية للتربية والثقافة تكرم المحافظ غنام تقديرا لعطائها,2018-08-29 19:31:44,,UNMATCHED,,
f3b35628-7057-4d46-9cdd-9fe39cda0cb2,خلال لقائه الشباب الفلسطيني ضيوف الملتقى التاسع في البيرة بسيسو: الملتقى الثقافي التربوي جسر للتواصل بين أبناء الشعب الواحد,2018-08-29 19:24:23,,UNMATCHED,,
8010656e-2247-4263-ab53-20c677df8278,وفد “الملتقى الثقافي” يزور متحف وضريح درويش,2018-08-29 19:16:01,,UNMATCHED,,
b39c684e-49a0-4600-a32b-91545714eec2,وفد “الملتقى الثقافي” يضع إكليل زهور على ضريح ياسر عرفات,2018-08-29 19:05:28,,UNMATCHED,,
b91c9de7-80cb-45f4-b94a-89739a84ef1e,“اللجنة الوطنية” تبحث ترتيبات التغطية الإعلامية للملتقى الثقافي التربوي التاسع,2018-08-19 17:29:49,,UNMATCHED,,
fbcda126-5964-496a-b807-9a37b226626d,“اللجنة الوطنية” تناشد المؤسسات الدولية لإنقاذ المشهد الثقافي في غزة,2018-08-12 13:08:29,,UNMATCHED,,
e4660903-4c2d-450e-b962-7752111d4904,“اللجنة الوطنية”  تثمن جهود الجامعة الحديثة اللبنانية والأهرام المصرية في حفظ إرث درويش,2018-08-12 05:20:34,,UNMATCHED,,
5a0ef566-633d-41eb-818a-ce4de2db54d6,في ختام اجتماعات اتحاد الحقوقيين العرب إسماعيل: فلسطين ستبقى البوصلة للعرب والمسلمين,2018-08-09 05:00:02,2018-08-09 05:00:02,SAME,title,5723
30335961-2088-4aba-bff5-fafd3335c096,“اللجنة الوطنية” و”الشباب والرياضة” يبحثان ترتيبات الملتقى الثقافي التربوي التاسع,2018-08-09 04:52:35,,UNMATCHED,,
8f8e9c7d-3752-40d9-bbcc-22989c22e757,خلال الاجتماع الـ39 للمكتب الدائم لاتحاد الحقوقيين العرب ..  إسماعيل: السبب الأساسي للإرهاب هو الطائفية .. ولن نقبل بإملاءات ترامب,2018-08-06 04:55:08,,UNMATCHED,,
543a852e-7923-4a30-bd8f-aaa512e78519,“اللجنة الوطنية” تبحث مع الوزارات الشريكة ومندوبية اليونسكو سبل تفعيل “الإيكوموس”,2018-07-31 09:35:34,,UNMATCHED,,
8f181615-cf53-470a-a238-bfcee8b955bf,“اللجنة الوطنية الفلسطينية” تهنئ “الألكسو” بمرور 48 عاماً على تأسيسها,2018-07-22 11:30:23,,UNMATCHED,,
c6978134-a968-4742-a272-2fbbd69e28e8,“اللجنة الوطنية” تهنئ “التربية” بحصولها على المركزالأول في  مؤتمر النشر الإلكتروني وتستنكر إغلاق “هند الحسيني”,2018-07-15 14:08:20,,UNMATCHED,,
8ef6a777-b612-4f11-b267-266d96a5c07f,اللجنة الوطنية” و”الثقافة” يضعان الرؤى الأولية للقدس عاصمة الثقافة الإسلامية 2019,2018-07-08 05:05:18,,UNMATCHED,,
383dbc70-9666-473b-8162-5cfc209a8ef8,أدان قرار نتنياهو بالسماح لوزراء ونواب الاحتلال باقتحام الأقصى إسماعيل يدعو اليونسكو لتحمل مسؤولياتها تجاه الأقصى والحرم الإبراهيمي,2018-07-04 11:27:05,,UNMATCHED,,
d8e1c093-e694-4f4f-9a62-245f3be0d7d2,إسماعيل يزور مقر الإيسيسكو بالمغرب ويقلد مديرها العام وسام نجمة الاستحقاق نيابة عن الرئيس,2018-06-28 11:21:44,,UNMATCHED,,
96814693-7141-4dd8-a665-112e9179ac12,اللجنة الوطنية تدين قرار هدم تجمع الخان الأحمر ومدرسة ” الإطارات “,2018-05-29 06:09:16,,UNMATCHED,,
565a93f6-e095-45b8-bbf4-4a4e91756d43,بمشاركة وفد فلسطيني .. “الألكسو” تختتم مؤتمرها العام وتقرر تثبيت الدعم للقدس,2018-05-17 08:06:54,,UNMATCHED,,
72016609-2747-486d-899d-f8af00fb4cd0,بيان “الألكسو” على إثر مجزرة قوّات الاحتلال الاسرائيليّ في حقّ أبناء الشّعب الفلسطينيّ,2018-05-16 08:41:49,,UNMATCHED,,
a33a529e-18b6-4fc9-a212-eccd58316c62,“الإيسيسكو” تدين بشدة قيام قوات الاحتلال الإسرائيلي بقتل وجرح الفلسطينيين العزّل,2018-05-16 08:39:02,,UNMATCHED,,
225c6323-db5f-40a1-b2f8-22391aae6484,كلمة رئيس اللجنة الوطنية في إختتام أعمال المؤتمر العام للمنظمة العربية للتربية والثقافة والعلوم (الألكسو) للدورة 24.,2018-05-16 05:11:49,,UNMATCHED,,
2686482e-ef9c-4063-a5e5-6e05f46da481,اللجنة الوطنية تشارك في أعمال الدورة التاسعة بعد المئة للمجلس التنفيذي للألكسو,2018-05-09 00:00:00,,UNMATCHED,,
9308875b-f45c-4b88-a05b-63ca4f8e91d3,إسماعيل يطالب المجتمع الدولي بحماية المؤسسات الأكاديمية ويبارك فوز نصر الله بالبوكر,2018-04-29 04:58:51,,UNMATCHED,,
01033809-fec8-441d-a0af-6dd13adb532f,اللجنة الوطنية تشارك أعمال اجتماعات المجلس التنفيذي لليونسكو واللجان الوطنية,2018-04-16 08:40:12,,UNMATCHED,,
9b5f3bd9-16b6-4d9b-b980-267d4a7507a3,اللجنة الوطنية للتربية والثقافة والعلوم تنعى العالم الفيزيائي هوكينج,2018-03-15 15:26:03,,UNMATCHED,,
0596c4d8-84ee-426e-82ec-ae974abc55e3,السوداني يبحث مع  السفير التركي سبل تعزيز التعاون الثقافي بين البلدين,2018-02-14 05:50:20,,UNMATCHED,,
cd4ad9e5-5be3-4b07-8aeb-eae21ae6b2dd,بدعم من “اليونسكو”  اللجنة الوطنية وبالتعاون مع بلديتي رام الله والبيرة  تختتم مشروع  “محطات القراءة “,2018-02-08 18:50:43,,UNMATCHED,,
d3c45639-2dcb-4018-ac6e-e688942ce17a,السوداني : هدم مدرسة أبو النوار وإغلاق المؤسسات المقدسية  إرهاب منظَّم,2018-02-05 09:28:06,,UNMATCHED,,
445f7cc4-6fce-45b8-bed4-8558a0417fc1,اللجنة الوطنية للتربية والثقافة والعلوم  تبارك تأهل عبير حامد لمسابقة “الملكة” على مستوى الوطن العربي,2018-02-04 11:44:19,,UNMATCHED,,
be3946b0-99c5-4220-b492-1831f8578ae9,اللجنة الوطنية تدين مواصلة  الحرب “الأسروأمريكية” على الأونروا والتعليم في فلسطين,2018-01-31 14:41:17,,UNMATCHED,,
0972c8f3-e08b-4db0-a4eb-5a6d056512c8,بالشراكة مع التعليم العالي وإبداع المعلم اللجنة الوطنية للتربية والثقافة والعلوم تختتم مشروع راويات القصص,2018-01-21 05:52:57,,UNMATCHED,,
85327fc7-e95f-4405-b20d-aec571fb8072,اللجنة الوطنية تؤكد رفضها للتدخل الأمريكي بهوية المناهج الفلسطينية  والمناهج خط أحمر,2018-01-10 10:14:43,,UNMATCHED,,
a5209e00-2b42-4bb7-a297-1b1cf3825a4c,السوداني: مصادرة الكتب والأبحاث في “هداريم”  تصعيد خطير وجريمة حرب,2018-01-10 05:57:24,,UNMATCHED,,
6feaba41-69e1-4e2c-aac9-ce15eb387bc7,السوداني: حملة وزارء الاحتلال ضد “الأونروا” تؤكد سعيهم لتصفية قضية اللاجئين,2018-01-08 05:56:41,,UNMATCHED,,
64fd2cd4-98a3-4b55-9c28-a3ae1c69e9cd,السوداني: قرار قطع المساعدات عن “الأونروا” تصفية لقضية اللاجئين,2018-01-03 12:48:55,,UNMATCHED,,
80c2273c-d022-4e3f-86db-454a36f4c45d,السوداني: قانون “القدس الموحدة” و”ضم الضفة الغربية”  امتداد لقرار ترامب المشؤوم,2018-01-02 12:10:33,,UNMATCHED,,
c6bf1b84-a859-4ecd-8d9c-257c6dd8d61f,السوداني يدعو دول العالم للتمسك بالعدالة رغم انسحاب إسرائيل من اليونسكو,2017-12-31 08:07:54,,UNMATCHED,,
0c41d0db-4e6c-470d-99ae-c6d34f21e3be,السوداني: التحريض ضد عهد التميمي  استهداف للمسيرة التعليمية والطفولة الفلسطينية,2017-12-26 11:06:54,,UNMATCHED,,
dea3921d-61be-47f3-ad17-a38fbce6a0d4,السوداني يشيد  بقرارات الألكسو الخاصة بالقدس خلال اختتام مؤتمرها بتونس,2017-12-17 09:14:06,,UNMATCHED,,
ae6346a0-6920-414e-8627-f6df897d3559,تحت عنوان القدس .. السوداني يشارك أعمال الدورة العادية لمجلس تنفيذي “الألكسو” ويلتقي معالي المدير العام د.سعود هلال الحربي,2017-12-13 09:39:04,,UNMATCHED,,
4b47a6db-7af9-4056-a05c-c6f46a3a9640,السوداني : صعود المستوطنين لصحن قبة الصخرة ترجمة لتلويحات أمريكا بنقل سفارتها للقدس,2017-12-04 09:38:27,,UNMATCHED,,
106213e6-63a6-4871-98d1-fc3d336bef6b,السوداني يطالب بالتدخل لوقف تهويد الخليل القديمة والضفة بـ “المسارات السياحية” والبيوت المتنقلة,2017-11-28 11:05:25,,UNMATCHED,,
8aac6fa2-6c8f-43f2-8172-3ea7bdbb0d4c,“اللجنة الوطنية” ومركز “أوتار” يوقعان اتفاقية تعاون مشتركة,2017-11-26 10:48:46,,UNMATCHED,,
63274ffa-e11b-4529-934a-87288b1307bb,السوداني يدعو لانقاذ قرية قرقش الأثرية من أيادي الاحتلال ولصوص الآثار,2017-11-20 06:01:46,,UNMATCHED,,
ba0a2541-4b96-4bc8-9171-3838489820a4,“اتحاد الكتاب” و”نقابة الصحفيين” يكرمان الرسام سباعنة لفوزه بجائزة “الأستاك” الفرنسية,2017-11-14 11:24:37,,UNMATCHED,,
68b44b5d-7cdc-4856-8225-f4fb7e52b291,السوداني يدعو لاستنفار الجهود لحماية موقع تل السكن الأثري في غزة,2017-11-13 09:33:48,,UNMATCHED,,
7623e20d-5a8b-4ed9-8c59-c10a39bcbc41,اعتمدت قراراً بصون تراث مدينة القدس السوداني يبارك فوز فلسطين بمقعد اللجنة الثقافية في اليونسكو,2017-11-12 06:11:07,,UNMATCHED,,
5238489e-4973-443f-956d-ca96fa1a8162,السوداني يطالب ” الأنروا” بإحترام المواثيق الدولية بما يخص التعليم في فلسطين,2017-11-08 10:18:48,,UNMATCHED,,
72f3c79f-2762-480e-a73f-d6e36ac20fb4,السيد الرئيس يمنح الفنان التشكيلي سمير سلامة وسام الثقافة والعلوم والفنون,2017-10-29 06:07:30,,UNMATCHED,,
928ffbcc-9c20-4fdc-9644-e823ba2bfa02,على هامش انعقاد الدورة 38 للمجلس التنفيذي للإيسيسكو في الرباط  مدير عام الايسسكو د.التويجري يُستقبل السوداني ومؤتمر دولي حول القدس,2017-10-05 13:08:47,,UNMATCHED,,
26a75a6d-7d9e-4546-901c-a3291d6d11ab,اللجنة الوطنية تشارك في طاولة مستديرة لتبادل الخبرات بين الدول العربية وتركيا في مجالات اليونسكو,2017-10-03 10:57:11,,UNMATCHED,,
f8b5fdb8-c5a4-4e99-84f4-93dc0b2a1c49,الكلية العصرية الجامعية تكرم الشاعر مراد السوداني,2017-09-25 07:42:02,,UNMATCHED,,
754ec88b-4a9e-4fb1-8cd6-d675e7dd4aef,زكي درويش يحصد جائزة الاتحاد العام للأُدباء   والكُتّاب العرب المخصصّة لفلسطين (48) عن السرد,2017-09-24 08:01:41,2017-09-24 08:01:41,SAME,title,3633
f33ca38a-8366-48ab-b0bb-41b7822f4a6a,جديد الشاعر الفلسطيني عبدالله عيسى ” وصايا فوزية الحسن العشر ” في المجلس الأعلى للثقافة في القاهرة,2017-09-17 05:38:23,,UNMATCHED,,
8bfb1aaf-83bf-487c-b5b0-3feaf726651f,بالشراكة مع التربية والتعليم العالي وإبداع المعلم اللجنة الوطنية للتربية والثقافة والعلوم تفتتح تدريب راويات القصص بدعم من اليونسكو,2017-09-14 13:04:47,,UNMATCHED,,
e1226b65-6a17-4aef-96a7-0a0330dd527e,السوداني يدين الاعتداءات الاحتلالية على مقابر الشهداء بالقدس,2017-09-13 11:03:20,,UNMATCHED,,
126d1f8c-e97b-4a83-b150-1d90822db9f6,غنام تهنئ السوداني لحصوله على الجائزة العالمية الإيطالية للشعر,2017-09-11 05:14:28,,UNMATCHED,,
2e17c13e-77ef-4978-b0fe-e4ce4a4c3be5,المجلس الأعلى للشباب والرياضة واللجنة الوطنية للتربية والثقافة والعلوم يوقعان على مذكرة تفاهم,2017-09-10 05:29:13,,UNMATCHED,,
1d6c7579-8b39-4564-a120-7aef8476c93d,السوداني يحذر من خطورة حملة التهجير القسري للمقدسيين في الشيخ جراح,2017-09-05 08:52:40,,UNMATCHED,,
b8f6a0f8-0f1d-4f92-9118-91a31c89c847,السوداني يدعو المؤسسات الدولية للحفاظ على التراث في القدس,2017-08-29 10:05:44,,UNMATCHED,,
e92ba766-13ef-477a-baa4-8acba0386ad8,بيان إدانة افتتاح كنيس يهودي في حي بطن الهوى بسلوان,2017-08-28 09:23:10,,UNMATCHED,,
d104881a-cfb9-45a3-8cdd-d4132472c66d,في ختام أعمال جلساته الخاصة  المجلس التنفيذي “للألكسو” يندد بافتتاح كنيس يهودي بسلوان جنوب المسجد الأقصى,2017-08-27 09:20:20,,UNMATCHED,,
ad5334de-97c7-447b-ae2b-161bd9794dd7,بعد افتتاح كنيس في حي بطن الهوى الهوى بسلوان السوداني يناشد المؤسسات الدولية لوقف انتهاكات الاحتلال بمدينة القدس,2017-08-26 09:12:05,,UNMATCHED,,
5cacf280-30c7-41bb-8df2-c0f3eda62221,بدعم من “الإيسيسكو” اللجنة الوطنية تفتتح ورشة عمل كفاءات استخدام الطاقة والطاقة المتجددة,2017-08-21 10:42:47,,UNMATCHED,,
b234d58a-ae98-4302-8868-a5a62ad9b760,بدعم من “الإيسيسكو” اللجنة الوطنية تختتم أعمال ورشة عمل لتعزيز آليات وقوانين الملكية الفكرية,2017-08-17 17:47:33,,UNMATCHED,,
4feaf3d4-b152-4a69-91a4-46ea605d860e,رام الله: ورشة عمل تناقش تعزيز آليات وقوانين الملكية الفكرية في فلسطين,2017-08-17 12:10:10,,UNMATCHED,,
f46119e6-ce58-4b5b-a159-3b4a54318358,أشار إلى أهمية الشعر الفلسطيني في الحفاظ على الهوية حبيب الصايغ يهنئ مراد السوداني لفوزه بجائزة دولية من إيطاليا,2017-08-09 10:29:46,,UNMATCHED,,
969191fd-ab61-4450-b510-a72d04d62c9b,الشاعر مراد السوداني يفوز بالجائزة العالمية الإيطالية للشعر مارتن سيكورو 2017 بطبعتها التاسعة,2017-08-07 11:37:38,,UNMATCHED,,
d0915d78-895a-484a-81bd-b075658a2732,السوداني يطلع السفير التونسي على آخر تطورات القضية الفلسطينية,2017-08-06 05:12:22,,UNMATCHED,,
44c4f18c-c63f-407f-bd0c-ca4a7848c4c3,بدعم من “الأيسيسكو” عساف والسوداني يكرّمان الخريجين من الدورة التكوينية في فنون العمل الإذاعي,2017-08-02 13:52:25,,UNMATCHED,,
2f2c2857-4957-4e86-b540-edffd868db81,بدعم من” اليونسكو ”  اللجنة الوطنية تقدم مساعدة مالية طارئة لثلاثين طالباً جامعياً,2017-08-01 12:46:24,,UNMATCHED,,
725c808e-7d78-4eb3-bf9d-ab8598d4da89,السوداني يرحب بإعلان منتدى شباب المؤتمر الإسلامي القدس عاصمة الشباب الإسلامي للعام 2018,2017-07-27 15:36:42,,UNMATCHED,,
643e37aa-4464-43ab-9bb3-ff4572aed7a3,بدعم من اليونسكو  السوداني وقراجة  يختتمان دورة حفظ وترميم المخطوطات بالقدس,2017-07-26 09:41:24,,UNMATCHED,,
f96d07cc-423e-4ead-8b60-2f2538618e99,بدعم من “الأيسيسكو”  الحسيني والسوداني يوقعان أربع اتفاقيات لدعم مؤسسات ثقافية مقدسية,2017-07-23 16:54:03,,UNMATCHED,,
95b025bd-0367-425d-9bb1-29da366f0818,اللجنة الوطنية للتربية والثقافة والعلوم و”العصرية الجامعية” توقعان مذكرة تفاهم لتعزيز التعاون في المجالات الثقافية,2017-07-22 13:05:22,,UNMATCHED,,
0897c11a-bf8b-4b3c-a301-090cf50bb29a,السوداني يعقد الاجتماع التحضيري لورشات عمل وطنية مع ممثلي المؤسسات الشريكة لمناقشة  قانون الملكية الفكرية في فلسطين,2017-07-22 12:49:13,,UNMATCHED,,
29a91054-37f6-4ddf-b124-2fbfd064297e,مؤتمر دولي حول القدس بالتعاون بين الألكسو والأيسيسكو السوداني يشارك في أعمال الاجتماع التنسيقي للأمناء العامين الأعضاء في الأيسيسكو والملتقى الرابع للمنظمات الدولية,2017-07-17 10:51:09,,UNMATCHED,,
8ecf0603-6f4e-4f69-8f90-14b435f17395,بدعم من “اليونسكو” ..  ادعيس والسوداني يفتتحان دورة حفظ وترميم المخطوطات بالقدس,2017-07-16 18:38:20,,UNMATCHED,,
f8c408b2-9f19-4de2-a0a3-5dddfdcefa7d,السوداني: ما يحدث قي القدس جريمة حرب ممنهجة,2017-07-16 18:26:03,,UNMATCHED,,
197912aa-f274-4969-8638-0ae5fb6eb738,بدعم من “الايسيسكو” ..  عساف والسوداني يفتتحان الدورة التكوينية في فنون العمل الإذاعي لموظفي اللجنة الوطنية,2017-07-09 17:54:24,,UNMATCHED,,
5eeb02c7-7003-4d47-b025-f2deecb66661,السوداني: إدراج مدينة الخليل والحرم الإبراهيمي على قائمة التراث العالمي انتصار للحقيقة على زيف النقيض,2017-07-08 19:05:27,,UNMATCHED,,
fd6145fc-3688-4c27-908c-7493475568d9,السوداني يبحث مع المؤسسة الفرنسية لحماية الملحنين والموسيقيين تطوير قانون الملكية الفكرية في فلسطين,2017-07-05 10:08:48,2017-07-05 10:08:48,SAME,title,3308
0b632039-7b0c-4a9c-8d07-5b54f212d719,السوداني يمثل فلسطين في أعمال الاجتماع التشاوري لليونسكو بباريس,2017-07-05 06:57:13,,UNMATCHED,,
2e8e33f8-fcdc-43fc-a877-8ef6588bf05c,السوداني: “إقتحام الاحتلال لسبسطية تصرف همجي ومنافٍ لكل الأعراف والقوانيين الدولية”,2017-07-04 10:22:35,,UNMATCHED,,
6ab01bf4-f1a6-40b9-88bc-9f64b2f3f45d,السوداني :” ما يحدث في القدس جريمة نكراء بحق الشعب الفلسطيني والأمة الإسلامية “,2017-06-21 10:45:27,2017-06-21 10:45:27,SAME,title,3273
ba3e53fd-f3ae-42ee-8026-26889ac1af37,السوداني ومعايعة يناقشان سبل التعاون بين وزارة السياحة واللجنة الوطنية,2017-06-18 09:58:42,2017-06-18 09:58:42,SAME,title,3267
a285cc09-aae0-4782-85c6-db268c508106,السوداني: مصادقة الكنيست على مشروع تهويد المناهج في القدس إعلان حرب على حقوقنا الإنسانية,2017-05-30 09:35:59,,UNMATCHED,,
9a565ab9-c920-496a-bf02-a4ea64124cb0,السوداني يستنكر الدعوات الإسرائيلية لاقتحام الأقصى في ما يسمى “يوم توحيد القدس”,2017-05-24 09:40:10,,UNMATCHED,,
c3f3e301-5dba-46ab-8f79-76067409d226,السوداني يستنكر الدعوات الإسرائيلية لاقتحام الأقصى في ما يسمى “يوم توحيد القدس”,2017-05-24 09:40:10,,UNMATCHED,,
323bbea5-0895-4d5d-a1fe-48aa7e59cac1,السوداني يشارك في أعمال الدورة الاستثنائية لمنظمة الألكسو في تونس,2017-05-24 09:36:23,,UNMATCHED,,
e881da3d-85d0-4730-bfbf-c74ab7b1a919,تطرح رواية توراتية مفبركة السوداني يستنكر ارتداء وزيرة الاحتلال لثوب يحمل صورة القدس الشريف,2017-05-24 09:33:14,,UNMATCHED,,
a829ce19-7114-4efd-840d-976082be029b,السوداني: عنجهية إسرائيل ضد المرشحين العرب “لليونسكو” تعكس عدم شرعية إجراءاتها بالقدس,2017-05-24 09:28:01,,UNMATCHED,,
72c4496c-dda0-4ea5-900d-2644252eac79,السوداني يبارك فوز الباحثة المغربي بالميدالية الذهبية في الموسم العلمي الدولي بماليزيا,2017-05-24 09:24:19,,UNMATCHED,,
33b56176-301f-4b04-8710-edc9e1a24bf8,“اللجنة الوطنية”  توقع اتفاقية لإنشاء محطات قراءة في بلديتي رام الله والبيرة,2017-05-14 05:59:36,,UNMATCHED,,
962b0325-350e-44df-a175-4fb9ecc5674e,السوداني:” قانون “القومية اليهودية” واستهداف اللغة العربية سياق لمحو الوعي والهوية الوطنية,2017-05-14 05:28:33,,UNMATCHED,,
9dd9b3ab-67e1-4f3c-8f1a-2cc2a7f0819d,السوداني يبارك فوز “القدس المفتوحة” بجائزة اللغة العربية,2017-05-07 10:41:18,2017-05-07 10:41:18,SAME,title,3157
1168144b-e465-436c-bd6f-4744f656959c,اللجنة الوطنية الفلسطينية تنعى مدير عام منظمة ” الألكسو” الدكتور عبد الله محارب,2017-05-07 07:09:34,2017-05-07 07:09:34,SAME,title,3153
3def7420-8d8e-4b4c-b2d0-c2325fe0539b,السوداني: تصويت اليونسكو لصالح فلسطين كسر لزيف الرواية الاحتلالية,2017-05-03 06:51:44,2017-05-03 06:51:44,SAME,title,3144
3003095b-354f-457c-a72c-8de89870acfc,خلال مشاركته في اجتماعات المجلس التنفيذي لليونسكو  السوداني: سنواصل التصدي للتضليل الإسرائيلي,2017-05-02 05:22:13,2017-05-02 05:22:13,SAME,title,3138
06d39782-50c7-4667-97aa-ee14fa5eed17,خلال مؤتمر بيت المقدس الإسلامي الدولي الثامن اللجنة الوطنية ومؤسسة إحياء التراث يوقعان اتفاقية لدعم مشروع حفظ المخطوطات الإسلامية,2017-04-25 09:59:14,,UNMATCHED,,
1142008b-8b4f-4017-a465-1239a14b57fd,السوداني يبحث مع السفير الصيني سبل تطوير التعاون الثقافي بين البلدين,2017-04-13 10:09:01,,UNMATCHED,,
5b727d2e-018b-46d3-9536-6c20fe392037,اللجنة الوطنية ومركز القدس للنساء يوقعان مذكرة تفاهم مشتركة,2017-04-06 11:28:03,,UNMATCHED,,
11919c04-36bc-4746-91b6-d2d8e0c3ffe4,السوداني يلتقي الائتلاف التربوي الفلسطيني في اللجنة الوطنية,2017-03-30 08:44:25,,UNMATCHED,,
770d6a6e-1798-4d6f-a353-899013792fa9,​​اللجنة الوطنية وجامعة بيرزيت توقعان مذكرة تعاون مشتركة,2017-03-30 06:46:00,,UNMATCHED,,
bb776d34-0ca2-4a5a-9122-fd2a71a5eedf,السوداني يستنكر الاعتداء على حرّاس المسجد الأقصى,2017-03-28 11:03:21,,UNMATCHED,,
70f7f866-303a-4ac5-9da1-a389ab54913f,اللجنة الوطنية الفلسطينية وجامعة القدس المفتوحة توقعان اتفاقية تعاون,2017-03-28 08:59:54,,UNMATCHED,,
79cad184-faa4-457d-8a8b-fd673d49a402,السوداني يستقبل في اللجنة الوطنية مدير مكتب اليونسكو في رام الله,2017-03-26 06:26:45,,UNMATCHED,,
3986b602-cda1-4b38-80cb-5a74a4fe615d,اليونسكو / برنامج المنح الدراسية برعاية جمهورية الصين الشعبية (سور الصين العظيم) للعام  2017-2018,2017-03-21 10:00:49,2017-03-21 10:00:49,SAME,title,2990
24be6e00-a604-4c87-a965-bfe4e2b53854,فلسطين تمنح وسام الابداع للشاعر محمد بنيس,2017-03-20 07:22:16,2017-03-20 07:22:16,SAME,title,2981
ee3a67f1-73ed-4318-9546-55b6d5375318,السوداني يلتقي رئيس إتحاد كتاب إيطاليا في روما  وتفعيل إتفاق التعاون بأربع أنطولوجيات مترجمة للايطالية ومختارات لمحمود درويش,2017-03-18 09:15:22,,UNMATCHED,,
e23fa5ca-003b-4f72-8e76-81b585baebf4,السوداني: “اقتحام مكتب الخرائط واعتقال التفكجي كي للوعي لأنهم يريدون فلسطين بلا ذاكرة”,2017-03-15 07:12:30,,UNMATCHED,,
1e86a0b8-6c66-4a76-b493-53f70e2ea40e,سفارة فلسطين في روما تحيي “يوم الثقافة الوطنية” والسوداني يوقع إتفاقية تعاون لترجمة الأدب الفلسطيني وديوان (إشارات النرجس) عن الايطالية,2017-03-15 07:07:02,,UNMATCHED,,
181ee1b1-8558-4712-80b8-0c7c998a756d,السوداني: “التصويت على قانون منع الآذان مساساً بالوجدان الجماعي للمسلمين”,2017-03-09 08:03:52,2017-03-09 08:03:52,SAME,title,2933
1218ff59-82a2-4a40-a8e8-9515d6676c0f,بمشاركة اللجنة الوطنية .. وفد فلسطيني يشارك في أعمال الاجتماع الإقليمي العربي للتنمية المستدامة “التعليم 2030”,2017-03-06 12:33:11,,UNMATCHED,,
0b95b876-6fe1-4996-9464-ada838ea3dae,اعلان عن بدء التقديم لمشاريع صندوق اليونسكو الدولي للتنوع الثقافي الثامن    (IFCD)/ لتقديم طلبات التمويل   2017 – 2018,2017-03-06 11:56:02,2017-03-06 11:56:02,SAME,title,2919
0a922d6a-eb45-4ab4-b324-25d5090a6949,السوداني يستنكر اعتداءات الاحتلال على مطبعة إبن خلدون ودوزان,2017-03-02 11:13:42,2017-03-02 11:13:42,SAME,title,2913
61d0bc9c-2c09-49d0-a3f1-b68d9e243e0f,السوداني يحذر من خطورة الآليات القانونية التي يستخدمها الاحتلال في تهويد القدس,2017-03-01 00:00:00,,UNMATCHED,,
7fafd263-3515-47c1-bec6-e02a6c0b510e,اللجنة الوطنية تنظم ورشة خاصة بحملة جمع تواقيع دعم قرارات “اليونسكو” الأخيرة,2017-02-28 08:27:51,2017-02-28 08:27:51,SAME,title,2893
32821e84-9903-420d-b571-f02bad7298e7,السوداني ومحارب : ” الاحتلال لم يسمح لوفد “الألكسو بدخول القدس ” اختتام فعاليات الزيارة ومغادرة  الوفد عبر معبر أريحا,2017-02-25 20:37:08,2017-02-25 20:37:08,SAME,title,2878
6e68c075-b1f8-4e54-a917-05107651119d,وفد “الألكسو” يزور الخليل ويصلي في الحرم الابراهيمي,2017-02-23 07:03:09,,UNMATCHED,,
e8e92aac-d6fe-4a41-8314-03c51421d6c8,معايعة تستقبل المدير العام لمنظمة “الألكسو”,2017-02-23 06:30:34,2017-02-23 06:30:34,SAME,title,2847
520ba498-ccc7-4b6e-9f3c-a8523d040cdf,أمين عام المنظمة العربية ” الألكسو” يزور اللجنة الوطنية,2017-02-22 10:24:43,,UNMATCHED,,
ce4b71a0-3c10-48ae-9eea-b27f96fb31cd,مدير عام “الألكسو” يزور “القدس المفتوحة”,2017-02-22 06:17:01,2017-02-22 06:17:01,SAME,title,2822
2703f163-edf3-4998-877f-31b8a30ebca2,وزارة الاتصالات ومنظمة “الألسكو” تتفقان على سلسلة برامج تدريبية,2017-02-22 06:08:42,,UNMATCHED,,
a7f44d2b-4188-4a4a-b392-30ad5d8adcad,اشتية يطلع وفد “الألكسو” على تطورات القضية الفلسطينية,2017-02-21 12:26:42,,UNMATCHED,,
2a747cf0-5c10-42db-9487-138c67e3e52c,بسيسو يستقبل مدير عام الـ”الكسو” والوفد المرافق له ويتباحثون في عديد القضايا,2017-02-21 06:37:16,,UNMATCHED,,
f531f7c4-87f6-4ad9-b27f-4f1603d07cbc,الرئيس يستقبل وفد المنظمة العربية للتربية والثقافة والعلوم ” الألكسو”,2017-02-20 06:45:36,,UNMATCHED,,
9512420e-4388-4d12-9438-37bb21848915,وفد “الألكسو” يصل فلسطين ويضع إكليلا من الزهور على ضريح الشهيد عرفات,2017-02-20 06:43:10,,UNMATCHED,,
56136857-1c82-4f80-9653-f7947769b745,الإعلان عن جائزة كالينجا لتبسيط العلوم لليونسكو لعام 2017,2017-02-07 08:40:30,2017-02-07 08:40:30,SAME,title,2739
9397c8fd-4e5f-4d6a-8db2-8b07ceab6c72,منظمة التعاون الإسلامي تطلق “وثيقة البراق” لدعم القدس,2017-02-06 09:38:44,,UNMATCHED,,
a8ee6af7-e79d-436a-a675-f12864dae654,نقل السفارة إلى القدس ينسف عملية السلام,2017-02-01 09:31:36,2017-02-01 09:31:36,SAME,title,2707
8dd4a8df-f2b1-436e-aacd-86be5c44a91f,“هيئة الإذاعة والتلفزيون” و”اللجنة الوطنية” يطلقان سلسلة حلقات برنامج شرفات,2017-01-12 19:57:04,2017-01-12 19:57:04,SAME,title,2676
de7e6fed-e7f2-4cfe-be65-f94aaf778844,“إشارات النرجس”  للشاعر مراد السوداني يصدر بالإيطالية بطبعته الثانية,2017-01-11 12:43:32,,UNMATCHED,,
e3111a15-a48d-48b9-afe2-fec8754b40b6,“اللجنة الوطنية” توقع ثلاث مذكرات تفاهم  لدعم مؤسسات محلية في مجال الثقافة والتراث,2017-01-05 07:21:03,2017-01-05 07:21:03,SAME,title,2632
b4e9cfae-8107-4b77-b0fb-cabbefe51a82,السوداني يدين افتتاح وزيرة ثقافة الإحتلال لنفق سلوان أسفل المسجد الأقصى,2017-01-02 06:27:22,2017-01-02 06:27:22,SAME,title,2245
1edaf3d6-d712-4a4e-b3e9-427e0fa78401,السوداني يحذر من سياسات الإحتلال فرض جدول إجازاته على مدارس القدس,2016-12-28 06:18:20,,UNMATCHED,,
7ce29293-5c13-4b7b-b941-0aeeca474597,صدور كتاب : مُعجم الشّعراء في فلسطين 48 (1948-2016),2016-12-15 10:24:30,2016-12-15 10:24:30,SAME,title,2200
00dbe8ee-c05a-41fd-8544-384c6df497a4,السوداني يشارك  في مؤتمر ” موعد”  الدولي بباريس ويجتمع مع الأمين العام المساعد لمنظمة اليونسكو,2016-12-14 11:51:30,2016-12-14 11:51:30,SAME,title,2194
678ed648-0350-4b21-9508-e624f0d5382f,السوداني يحذر من خطورة اقدام سلطات الاحتلال افتتاح  نفق يمر تحت المسجد الأقصى بداية العام المقبل .,2016-12-12 12:08:59,,UNMATCHED,,
6eff166f-7fbb-4f77-b4ca-4a5b5b701db2,القدس المفتوحة” تتسلم جائزة (الألكسو) للتطبيقات الجوالة,2016-12-05 09:26:19,2016-12-05 09:26:19,SAME,title,2169
58565797-6c51-4133-b9fe-3dc1436a35e1,السوداني يطلع السفير الأوكراني على آخر تطورات القضية الفلسطينية,2016-11-23 12:23:57,,UNMATCHED,,
f4f4b02e-fe30-4589-9998-8522d5fa0bc6,السوداني : يحذر من خطورة التزييف للأماكن التاريخية في القدس,2016-11-21 12:05:34,,UNMATCHED,,
18fe8a96-355a-4fed-95a1-087c1598ac21,اللجنة الوطنية تعقد اجتماعاً  لبحث سبل تفعيل “الإيكوموس”  في فلسطين,2016-11-14 14:03:15,,UNMATCHED,,
02f5f77e-d0e9-4b93-a251-be2761b326cf,السوداني يعلن  تبني اللجنة الوطنية  “لحملة جمع تواقيع اليونسكو لماذا؟ ” رسمياً,2016-11-10 08:59:54,2016-11-10 08:59:54,SAME,title,2116
5ff5c132-eff7-41e2-b23c-fb55174bb445,السوداني : يدعو لإنجاح حملة “قرار اليونسكو لماذا ” وقطع الطريق أمام حملة الإحتلال المناهضة للقرار,2016-11-07 12:08:07,2016-11-07 12:08:07,SAME,title,2101
08ae8972-6796-4cfe-8c5c-415175126c53,السوداني : رفع العلم ” الإسرائيلي” على كنيسة القيامة جريمة حرب وتعدٍ على قرارات اليونسكو الأخيرة,2016-11-03 11:36:17,2016-11-03 11:36:17,SAME,title,2089
501084d1-2f08-4434-bcab-46a0846aaa4f,اللجنة الوطنية ودائرة الإعلام بجامعة بيرزيت تنظمان ندوة فكرية بمناسبة صدور كتاب  “إدوارد سعيد ونقد تناسخ الإستشراق”,2016-11-01 12:17:48,,UNMATCHED,,
9295f2de-b3d0-4fa9-b88c-ec9a4cde0e8b,اليونسكو تتبنى القرار الخاصّ بـ“البلدة القديمة في القدس وأسوارها”,2016-02-02 00:00:00,,UNMATCHED,,
a6de95d3-c921-4c78-8cbd-03ba1f36eaa4,السوداني يحذر من خطورة تنفيذ الإحتلال لمشروع “الحي الإقتصادي” التهويدي في القدس,2016-11-01 06:41:20,,UNMATCHED,,
037a4987-2ce9-4558-9da9-74db5cca6ee2,اللجنة الوطنية تكرم المشاركات في الدورة التدريبية “حَقُكنّ” في ختام فعالياتها,2016-10-30 06:23:25,,UNMATCHED,,
45cc555a-c4cb-440c-86f3-955b64a79682,السوداني يستنكر تحطيم الإحتلال لمقبرة “باب الرحمة” و دعوة نتنياهو الإسرائيليين للمشاركة في أعمال الحفر تحت المسجد الأقصى,2016-10-25 05:55:34,,UNMATCHED,,
02b3e642-de4b-457c-852e-e19d88e4a415,بدعم من ” الأيسيسكو”   اللجنة الوطنية تعقد دورة تدريبية في مجال الحقوق والتشريعات لفائدة نساء القدس,2016-10-23 16:31:15,,UNMATCHED,,
c437fcd7-615b-470e-9e13-a57056aa9de6,السوداني يشارك في إزالة الستار عن أكبر لوحة فسيفساء أثرية في العالم,2016-10-20 14:58:07,,UNMATCHED,,
0a8e74d2-4876-4b01-9140-45b0cb9a3419,بحث التعاون الثقافي بين فلسطين ومنظمة التعاون الإسلامي,2016-10-19 12:55:07,,UNMATCHED,,
a9daa155-7c4b-451d-a67b-2844c3ab4160,السوداني يبحث مع دائرة الثقافة والإعلام بمنظمة التحرير سبل تطوير القطاع الثقافي والتربوي في فلسطين,2016-10-19 10:51:51,,UNMATCHED,,
2daf8329-836b-4a22-9ce3-49cb1225cdfb,السوداني يرفض تصريحات بوكوفا بخصوص مدينة القدس والتي تناقض قرارات اليونسكو,2016-10-16 11:04:05,2016-10-16 11:04:05,SAME,title,1953
7d821628-f939-46ef-aa2d-c54d71ff6cbe,السوداني : فلم “راحيل ويعقوب” رواية خرافية وهستيرية للإحتلال لا علاقة لها بالتاريخ,2016-10-10 10:07:42,,UNMATCHED,,
7256766f-e516-429b-ac8a-dc49cb9de43d,التقى د. التويجري مدير عام المنظمة الإسلامية   وفد برئاسة السوداني يشارك في الدورة ال 37 للمجلس التنفيذي “للايسيسكو” بالرباط,2016-10-09 09:30:48,,UNMATCHED,,
59a31ea9-ae49-4946-a48b-68443746b552,السوداني يلتقي مع سفير جمهورية التشيلي لبحث سبل تعزيز التعاون الثقافي بين البلدين,2016-09-28 09:57:36,,UNMATCHED,,
e3bc7ad8-e8a8-42af-bbef-c1b45d8663f2,السوداني :  هدم الإحتلال لمدرسة تجمع “أبو النوار”  البدوي شرقي القدس إرهاب ممنهج,2016-09-27 11:25:05,2016-09-27 11:25:05,SAME,title,1895
36f3ae70-7807-457c-8642-bf3484bed8fa,السوداني يطالب الجهات المختصة  للتدخل العاجل لوقف سياسة  هدم قطاع التعليم في مدينة القدس من قبل حكومة الإحتلال,2016-09-27 06:35:28,,UNMATCHED,,
0601d1ef-a66d-4b21-a22c-595568f724d5,مشاركة وفد فلسطين في ورشةإقليمية حول التنمية المستدامة sdg4 / التعليم 2030 بالقاهرة,2016-09-26 08:25:45,,UNMATCHED,,
5f9d9060-f1c3-4413-93fb-09c20a4737c3,مشاركة وفد فلسطين في ورشةإقليمية حول التنمية المستدامة( sdg4 / التعليم 2030) بالقاهرة,2016-09-26 08:19:48,,UNMATCHED,,
d5d7159d-9e76-4812-94fc-9b7aab61903e,مشاركة وفد فلسطين في ورشةإقليمية حول التنمية المستدامة” sdg4 / التعليم 2030″ بالقاهرة,2016-09-26 08:18:26,,UNMATCHED,,
3ca0ebab-884f-4abc-bb93-a644c39ade26,مشاركة وفد فلسطيني في ورشة إقليمية حول التنمية المستدامة,2016-09-26 08:16:12,2016-09-26 08:16:12,SAME,title,1881
362eeb78-fd6d-43d6-942d-bdbe3f67600e,مشاركة وفد فلسطين في ورشة اقليمية حول  التنمية المستدامة( sdg4 / التعليم 2030) بالقاهرة,2016-09-25 08:31:36,2016-09-25 08:31:36,SAME,title,1868
dabda090-473d-446e-93b9-ac9b1c4bc414,السوداني يستنكر  استمرار أعمال الإستيطان الزاحفة والتخريب في قرية رافات التراثية غربي سلفيت,2016-09-20 10:56:00,,UNMATCHED,,
1b971f38-99f7-4ac1-bde4-2005a4ac2066,روابط الأخبار المنشورة عن الملتقى الثقافي التربوي الثامن من 21 الى 27 -8-2016,2016-08-21 00:00:00,2016-09-18 07:27:05,UPDATED,title,1819
d04bc206-f5d6-4648-a4b1-e73fbc1213c7,تهنئة,2016-09-08 07:56:24,2016-09-08 07:56:24,SAME,title,1808
3ce8f5ca-3cb6-4ae8-a16d-5b3977aad195,السوداني يبارك فوز أمل الكحلوت  بجائزة ” الأيسيسكو” في الفيزياء,2016-09-07 10:30:41,2016-09-07 10:30:41,SAME,title,1802
4a490036-a482-490c-a822-3d1faca6310e,اللجنة الوطنية بالتسيق مع ديوان الموظفين تعقد  ثلاثة امتحانات لإختيار ثلاثة موظفين للعمل لديها والسوداني يشرف شخصياً على على سير عملية الإختيار وفق القانون والنظام,2016-09-01 11:37:58,,UNMATCHED,,
55b92291-2670-445d-baba-bd6e98bc9b25,“القدس المفتوحة” تفوز بالمرحلة الأولى من مسابقة “الألكسو” للتطبيقات الجوالة,2016-08-31 07:14:33,,UNMATCHED,,
a68dd40b-3fff-4742-9f04-b5cb48ee7adf,السوداني يحذر من خطورة تنظيم الإحتلال مهرجان لبيع الخمور في مقبرة “مامن الله”,2016-08-29 10:46:28,,UNMATCHED,,
a06d4be9-c5de-487e-8e57-ae7005d529a2,المشاركين في الملتقى الثقافي اثناء مغادرتهم الفندق والمعابر باريحا اليوم السبت .,2016-08-27 18:50:25,,UNMATCHED,,
2bc6a2a9-ad42-476c-befa-208920f4cbd4,إختتام فعاليات الملتقى الثامن بحفل وداع وتكريم للمشاركين العرب والأجانب,2016-08-27 08:37:21,,UNMATCHED,,
8eedc8fe-ba61-4502-b553-6b56056a4713,بلدية بيت لحم تستضيف وفد الملتقى الثقافي الثامن وتطلعه على أوضاع المدينة,2016-08-27 08:17:34,2016-08-27 08:17:34,SAME,title,1704
cd411e5c-cc3b-4d5d-a54d-947ec269fd5c,الحسيني يضع الوفد الدولي للملتقى الثقافي الثامن بصورة المشهد الثقافي في مدينة القدس,2016-08-25 13:33:25,,UNMATCHED,,
b5346b5f-b64f-4a14-97a4-2b990a7d853c,مفوضية العلاقات الخارجية لحركة فتح تستضيف الوفد الدولي المشارك في الملتقى الثامن,2016-08-24 16:55:55,,UNMATCHED,,
e5c43fa3-85e0-45e4-90db-de288c78e7d7,جامعة بيرزيت تستضيف الوفد الدولي المشارك وتنظم ندوة أدبية وجولة في متحف فلسطين,2016-08-24 16:41:08,,UNMATCHED,,
44a83fb6-3dc2-412b-bbb4-d6771e02653c,عرض كتاب “ضد النسيان” في مؤسسة ياسر عرفات برام الله,2016-08-24 06:15:36,,UNMATCHED,,
42084544-9adb-4e9f-8864-70e237227d4a,جامعة القدس تنظم لقاء أدبياً للكتاب والأدباء الفلسطينيين والدوليين,2016-08-24 06:10:02,,UNMATCHED,,
c71c6079-dba5-4651-8113-476d0c5c7ded,مؤسسة ياسر عرفات و اللجنة الوطنية تنظمان عرضاً لكتاب “ضد النسيان” للكاتبة الاسبانية تيريزا آرانغورين,2016-08-24 05:49:25,,UNMATCHED,,
8570ec27-87b6-4f91-8a32-22f7fa0681d4,وفد الملتقى الثقافي الثامن يزور جامعة القدس ومتحف الحركة الأسيرة ويشارك في ندوة شعرية وأدبية,2016-08-23 15:57:49,2016-08-23 15:57:49,SAME,title,1598
85aef8a9-9dde-4b97-bf99-e37300df5416,افتتاح الملتقى الثقافي الفلسطيني الثامن في رام الله,2016-08-23 07:29:57,,UNMATCHED,,
e4eb8511-f117-48fc-9d4d-85702e77ed8d,الرئيس يستقبل وفد الملتقى الثقافي التربوي,2016-08-23 07:12:45,,UNMATCHED,,
72c66269-1b0a-4c55-87dc-b518d5d6bb5d,غنام تستضيف وفد الملتقى الثقافي التربوي الثامن,2016-08-22 19:07:12,,UNMATCHED,,
39048a8e-8b44-453c-89ef-7b461c91e32d,وفد الملتقى الثقافي الثامن يضع اكليلاً من الزهور على ضريح الشهيد الراحل ياسر عرفات,2016-08-22 09:12:28,2016-08-22 09:12:28,SAME,title,1492
d85a1dc6-3c16-4778-ac60-368cc4e12daf,السوداني والفتياني يستقبلان الوفود الدولية المشاركة في الملتقى الثقافي التربوي الفلسطيني الثامن,2016-08-22 07:59:41,,UNMATCHED,,
de8e561d-88f6-427b-9a6d-95a5c2e51f25,السوداني والفتياني يستقبلان الوفود الدولية المشاركة في الملتقى الثقافي التربوي الفلسطيني الثامن,2016-08-22 07:56:23,,UNMATCHED,,
3da7eb53-bcb7-4ae0-a5ab-c5d1eb114011,السوداني والفتياني يستقبلان الوفود الدولية المشاركة في الملتقى الثقافي التربوي الفلسطيني الثامن,2016-08-22 07:54:27,,UNMATCHED,,
8839f0b8-50d3-48ac-a16e-7abed4cffcc8,الفتياني يستقبل المشاركين الأجانب في الملتقى الثقافي للشباب الفلسطيني,2016-08-22 07:34:34,,UNMATCHED,,
4f6a7898-6f7b-493b-9295-1f10cda24104,محافظ أريحا يؤكد على أهمية التواصل الثقافي الحضاري بين الشعوب,2016-08-22 07:30:12,,UNMATCHED,,
251b95a2-85a1-408a-97cc-e858a8739d9f,السوداني والفتياني يستقبلان الوفود الدولية المشاركة في الملتقى الثقافي التربوي الفلسطيني الثامن,2016-08-21 14:58:52,,UNMATCHED,,
d5ca6ac1-11d7-4cbd-9a18-c5de02a60c71,السوداني يلتقي بمدير وحدة الثقافة بمكتب يونسكو رام الله  لبحث سبل تطوير القطاع الثقافي في فلسطين,2016-08-09 09:46:05,,UNMATCHED,,
42b9073a-51c1-4241-8065-59881a8c1bb8,السوداني يستنكر استهداف الإحتلال لمدارس القدس و يدعو إلى رفض الموازنة المشروطة,2016-08-08 10:09:51,2016-08-08 10:09:51,SAME,title,1431
1ee54484-1905-4050-8c4a-4b6d0ee05cde,اللجنة الوطنية تدين إعتداء الإحتلال على لجنة إعمار المسجد الاقصى واعتقال مديرها,2016-08-07 09:52:28,2016-08-07 09:52:28,SAME,title,1420
848e72db-120a-4b8a-90e9-15a8fbf77305,السوداني يجتمع مع ممثلي المؤسسات الشريكة لمناقشة حماية الملكية الفكرية في فلسطين,2016-08-04 05:50:01,,UNMATCHED,,
b4ac648e-2f16-4007-8a4f-44240683e35c,السوداني يزور مؤسسة إحياء التراث والبحوث الإسلامية,2016-07-24 11:48:54,,UNMATCHED,,
65c05df0-b45d-4cdf-831c-0a142b1aa87d,دعوة يوم الزي الفلسطيني,2016-07-21 13:44:34,2016-07-21 13:44:34,SAME,title,1360
18edb494-97b7-4866-a5fc-28e738548678,بدعم من المنظمة العربية للتربية والثقافة والعلوم-إيسيسكو    “اللجنة الوطنية الفلسطينية” و “وزارة التربية والتعليم”  توقعان اتفاقية لدعم مؤسسات تربوية في القدس,2016-07-20 11:27:09,,UNMATCHED,,
5ed47fc8-6b71-44ea-9e23-efef409c743a,أمين عام اللجنة الوطنية الفلسطينية يزور مكتب ممثلية كوريا  لبحث التعاون المشترك,2016-07-19 11:20:12,,UNMATCHED,,
af39e2ee-7945-4636-9ac5-2fc09de47d66,ابريغيث والسوداني يشاركان في عدد من اللقاءات الرسمية الهامة مع عدد من البرلمانيين والوزراء والإعلاميين السنغاليين,2016-07-18 08:41:46,,UNMATCHED,,
e6ac4bfc-38c7-4cc6-8e0d-694c4ddc0f11,السوداني يمثل دولة فلسطين في المهرجان الدولي التاسع للقصيدة في دكار,2016-07-18 08:33:37,,UNMATCHED,,
8df769d2-18e4-43a7-9128-7f760a5891d6,اتفاق تعاون عام يوقعه الاتحاد العام للكتاب الفلسطينيين مع نظيره السنغالي,2016-07-18 08:27:41,2016-07-18 08:27:41,SAME,title,1317
b632538f-d9bf-4010-912d-b6c37efecc01,اللجنة الوطنية الفلسطينية تشارك في الدورة الأربعين لليونسكو في تركيا,2016-07-11 09:40:12,,UNMATCHED,,
a26bdb9b-5d83-4be4-acbd-4b778076bce3,اللجنة الوطنية الفلسطينية توقع اتفاقيات شراكة  لدعم وحماية قطاع التراث الثقافي غير المادي,2016-06-28 10:35:23,,UNMATCHED,,
d35065f9-7456-4d28-b23d-9f6a6bcd60bf,اللجنة الوطنية الفلسطينية تُحذّر من تصاعد الانتهاكات الاحتلالية في المدينة المقدسة,2016-06-22 10:04:20,,UNMATCHED,,
db823c70-4eb0-4f2c-b9d9-d4649685e34b,اللجنة الوطنية للتربية والثقافة والعلوم تعقد اتفاقية تعاون مع مؤسسة مهرجان الشعر العالمي في فلورانس,2016-06-20 10:46:44,,UNMATCHED,,
6baaf493-d028-4526-8894-5e570fa3eafc,السوداني من روما: الثقافة الفلسطينية هي الجدار الأساسي في المواجهة مع النقيض الاحتلالي,2016-06-19 12:39:27,2016-06-19 12:39:27,SAME,title,1263
89e11c29-7d85-489a-be4d-8a4830121a7f,توقيع اتفاق تاريخي بين اتحاد الكتاب والأدباء الفلسطينيين وكنفدرالية الكتاب الإيطاليين الموحد,2016-06-16 09:52:09,,UNMATCHED,,
158dff8e-5032-48d7-a233-1b5066528295,الاتحاد العام للكتاب والأدباء الفلسطينيين  يكرّم الفنان التشكيلي حسني رضوان,2016-06-12 12:03:13,2016-06-12 12:03:13,SAME,title,1225
f0493a15-3e53-4067-8bbe-d4157f677581,اللجنة الوطنية الفلسطينية تستنكر سطوة الاحتلال على “المغطس” شرق أريحا,2016-06-08 11:33:15,,UNMATCHED,,
da965fb2-7f61-4577-895d-605b99fd2739,اللجنة الوطنية الفلسطينية تثمن جهود وفد فلسطين الدائم لدى اليونسكو “حول انتخاب فلسطين في لجنة اتفاقية حماية التراث الثقافي غير المادي”,2016-06-07 09:54:07,2016-06-07 09:54:07,SAME,title,1210
66e4ecea-0efe-4066-b40c-c1eb4b299a27,السفير الصيني يزور اللجنة الوطنية الفلسطينية  لبحث التعاون المشترك,2016-06-05 12:06:31,,UNMATCHED,,
5c027d0b-56f2-4493-8487-8637fff08760,اللجنة الوطنية الفلسطينية تستنكر مسيرة الأعلام الإسرائيلية الاستفزازية في أول أيام الشهر الفضيل,2016-06-05 11:54:08,,UNMATCHED,,
8d1445b2-eb38-4acc-9191-e329df99ba09,اللجنة الوطنية الفلسطينية تُندّد بتنظيم  “مهرجان الأنوار” التهويدي في القدس,2016-05-31 07:00:52,2016-05-31 07:00:52,SAME,title,1160
67139ca5-538a-4351-890e-0c2eacb00f81,اللجنة الوطنية الفلسطينية تُدين تحريض الجمعيات الترانسفيرية الاحتلالية هدم البيوت العربية,2016-06-01 11:50:17,,UNMATCHED,,
42450642-52b4-4c55-9d61-8f09d1c7f115,نائب عمدة مدينة سراييفو يستقبل المدير العام للإيسيسكو,2016-05-30 00:00:00,,UNMATCHED,,
e0212410-1958-4324-89cd-f9fef5358742,اللجنة الوطنية الفلسطينية تُندّد بتنظيم  “مهرجان الأنوار” التهويدي في القدس,2016-05-31 07:00:52,2016-05-31 07:00:52,SAME,title,1160
dabeb73f-acd8-4cfe-9e11-907e7c0627d6,اللجنة الوطنية الفلسطينية تُثمّن قرار المكتب التنفيذي لوزراء الإعلام العرب باعتماد القدس عاصمة للإعلام العربي للعام 2016,2016-05-25 06:52:39,,UNMATCHED,,
e44b4efe-a49c-4f64-bee3-773e8a667993,بدعم من المنظمة العربية للتربية والثقافة والعلوم (الألكسو) اللجنة الوطنية للتربية والثقافة والعلوم تصدر كتاب “أرض الورد” للفنان أسامة السلوادي,2016-05-24 07:25:36,,UNMATCHED,,
20f311b6-6b3f-4e44-80aa-b198acd79e46,“اللجنة الوطنية الفلسطينية” و”الهيئة العامة للإذاعة والتلفزيون”  توقعان اتفاقية تعاون في مجالات التربية والثقافة والعلوم,2016-05-22 11:42:59,,UNMATCHED,,
a685f5da-ac8a-445e-bb2f-ea93ce8f88b6,اللجنة الوطنية الفلسطينية للتربية والثقافة والعلوم تُثمّن دور عائلة النمر في دعم التراث الفلسطيني,2016-05-19 05:24:15,2016-05-19 05:24:15,SAME,title,1114
1a9976f9-8153-46ce-b01b-8cd6a49d6400,“اللجنة الوطنية الفلسطينية” تُدين دعوة المنظمات اليهودية لرفع علم إسرائيل فوق “قبة الصخرة”,2016-05-10 10:39:16,2016-05-10 10:39:16,SAME,title,1102
c79b88f6-98bd-416e-a20a-6e95752775af,حفل توزيع جوائز الكتاب الاول للمبدعين والمبدعات في معرض فلسطين الدولي للكتاب بمشاركة الدكتور ايهاب بسيسو وزير الثقافة,2016-05-10 09:53:13,2016-05-10 09:53:13,SAME,title,1095
8b01e4bd-1dfe-403c-9c20-93528020bb78,منظمة التحرير الفلسطينية تطلق موقعها الإلكتروني الرسمي,2016-05-08 07:46:57,2016-05-08 07:46:57,SAME,title,1090
db04800e-db8e-430e-b2aa-9c9294678bc9,اللجنة الوطنية الفلسطينية تشارك في الاجتماع التاسع للجنة خبراء الإيسيسكو الآثاريين في عمّان,2016-04-26 19:50:10,,UNMATCHED,,
eb48b457-5434-4b43-8a94-bfc7d0972e32,” اللجنة الوطنية الفلسطينية” تستنكر قرار مدير عام اليونسكو حول اعتماد تسمية “المسجد الأقصى”,2016-04-26 05:49:12,2016-04-26 05:49:12,SAME,title,1069
e3831cfa-6729-4129-ae4a-1493d02c58b8,اللجنة الوطنية الفلسطينية تستنكر الزحف الاستيطاني الاحتلالي على مواقع أثرية في مدينة سلفيت,2016-04-24 06:10:11,,UNMATCHED,,
c969105c-c41b-45b1-b4ad-c77b579dd576,اللجنة الوطنية الفلسطينية تستنكر الاعتداءات على “موقع سبسطية الأثري”,2016-04-24 06:06:49,,UNMATCHED,,
50189f58-48b4-40dd-a2ca-0fa45faa5fa3,بيان صحفي:  قرارا اليونسكو بخصوص فلسطين,2016-04-24 05:56:39,2016-04-24 05:56:39,SAME,title,1037
ad72fb08-c5de-458e-93f9-563707ec15b9,اللجنة الوطنية الفلسطينية للتربية والثقافة والعلوم تشارك في اجتماع اللجان     الوطنية على مستوى الأمناء العامين في باريس,2016-04-18 08:33:12,,UNMATCHED,,
213b0e30-f86c-4fc0-9be1-72a1631470bf,ورشة عمل إعادة إستخدام موارد البيئة,2016-03-25 00:00:00,,UNMATCHED,,
52fbd8da-b1eb-4e07-908f-2b5a0eb36fde,سطوة الاحتلال تمتد للمؤسسات التعليمية وتهدم مدرسة أبو النوّار شرقي مدينة القدس,2016-04-18 08:27:19,,UNMATCHED,,
f37845d3-f298-4575-8749-b8a3930cee42,مدينة بيت لحم تستضيف الروائي الإسباني مارثيليانو غاليانو روبيو,2016-04-10 06:21:35,,UNMATCHED,,
22e719f0-881a-4829-a4f8-c1b6b9296dc2,“القدس المفتوحة” و”اللجنة الوطنية للتربية والثقافة والعلوم” تستضيفان ندوة للروائي الإسباني مارثيليانو غاليانو روبيو,2016-04-10 06:17:17,,UNMATCHED,,
3e07663f-2f38-4468-b73c-4ab5f034a888,تكريمان للكاتب الإسباني “مارثيليانو غاليانو روبيو”  في مهرجان يوم الطفل الفلسطيني ومهرجان يوم الأرض,2016-04-10 06:08:44,2016-04-10 06:08:44,SAME,title,997
04e41f34-9a6a-440d-9743-570bcd0885f5,“اللجنة الوطنية الفلسطينية ” والمركز الفلسطيني للتنمية والحريات الإعلامية ” مدى” توقعان مذكرة تفاهم,2016-04-10 06:04:31,,UNMATCHED,,
30ef0c76-5f73-4803-88d8-bbd38d22769f,اللجنة الوطنية الفلسطينية للتربية والثقافة والعلوم  تُكرم قياديات فلسطينيات وناشطات مجتمعيات,2016-04-10 05:54:27,,UNMATCHED,,
17be1f21-6567-4ef4-97f2-0422e16e83f3,بمناسبة اليوم العالمي للشعر  اللجنة الوطنية الفلسطينية للتربية والثقافة والعلوم  تُكرّم الشاعر الفلسطيني محمد حلمي الريشة,2016-04-10 05:48:48,,UNMATCHED,,
6ca6e289-e9e8-48a5-9f28-9074b1c674f7,اللجنة الوطنية الفلسطينية للتربية والثقافة والعلوم تكرّم د. ليلى غنّام محافظ رام الله والبيرة  في يوم الأم ويوم المرأة الفلسطيني,2016-03-24 10:30:35,2016-03-24 10:30:35,SAME,title,969
5c6d684d-2db2-4026-861a-238cbc6a86e4,الرئيس يقلد المعلمة حنان الحروب وسام الثقافة – مستوى الابداع,2016-03-24 10:27:36,,UNMATCHED,,
6ae395f7-0ce5-4f5f-b527-6dcd87f9b726,“اللجنة الوطنية الفلسطينية للتربية والثقافة والعلوم” و “أكاديمية بيت لحم للموسيقى” توقعان اتفاقية تعاون لدعم مشاريع ثقافية فنية,2016-03-24 10:24:25,2016-03-24 10:24:25,SAME,title,960
6daa7ab2-433f-4c26-87f8-b9f2273e20be,“اللجنة الوطنية الفلسطينية” تستنكر بناء الاحتلال لمستوطنة درزية جديدة في موقع معركة حطين,2016-03-16 07:21:29,,UNMATCHED,,
06146dd0-bc82-413e-93f8-d6fdf275c2c1,اللجنة الوطنية الفلسطينية للتربية والثقافة والعلوم    تُبارك  للمعلمة حنان الحروب فوزها بجائزة أفضل معلمة في العالم,2016-03-16 07:19:45,,UNMATCHED,,
48c76428-0349-415e-b6c9-420365ba1d7b,اللجنة الوطنية الفلسطينية للتربية والثقافة والعلوم  تُكرّم وفاء يوسف زوجة الأسير المناضل عاهد أبو غلمة,2016-03-16 07:17:02,,UNMATCHED,,
60ec9419-44c4-46d7-96be-2e6b308a0763,اللجنة الوطنية الفلسطينية للتربية والثقافة والعلوم تكرّم الموظفات في اللجنة في يوم المرأة العالمي,2016-03-16 07:12:49,,UNMATCHED,,
94e33e5e-2f08-4658-915c-22e6f1ca003a,عقد قران المستوطنين داخل المسجد الأقصى ظاهرة جديدة تُنذر بتصعيد إسرائيلي احتلالي داخل المسجد الأقصى,2016-03-16 07:10:46,,UNMATCHED,,
f7058a07-5940-4308-a2f8-eb5692d90757,بدعم من المنظمة العربية للتربية والثقافة والعلوم-إيسيسكو    “اللجنة الوطنية الفلسطينية” و “جمعية القدس للرفاه والتطوير” توقعان اتفاقية لترميم وصيانة مواقع تراثية ومعالم إسلامية في القدس,2016-03-16 07:08:05,,UNMATCHED,,
50860708-fa9b-4380-b474-147f46593f11,ضمن محاولات دفن التاريخ “عظام الصحابة ” في مقبرة مأمن الله استباحة احتلالية,2016-03-16 06:59:26,2016-03-16 06:59:26,SAME,title,867
1ec31996-97bf-49e7-aee9-218498b743f5,“مغارة شقبا” غرب رام الله موقع أثري جديد ضمن حملات الهيمنة الاحتلالية,2016-03-06 08:06:51,,UNMATCHED,,
e7e7abd5-5a24-45f3-b966-b2ce351b60f4,اللجنة الوطنية الفلسطينية” تستنكر اعتداءات الاحتلال على القصور الأموية في القدس,2016-03-06 07:58:08,,UNMATCHED,,
e7e4a93a-32bf-461b-af8c-93e009eff49b,“برناط”: بلدة في عصيرة الشمالية موقع أثري جديد ضمن حملات الهيمنة الاحتلالية,2016-03-06 07:54:22,,UNMATCHED,,
c4eb2929-6e22-421b-a8c9-952fd2cc12a8,اللجنة الوطنية الفلسطينية: “دير مار سابا” إلى لائحة التراث العالمي التابعة لمنظمة اليونسكو,2016-03-06 07:50:18,,UNMATCHED,,
f6be8ed2-9010-4f6c-a0b2-b0697abcf16f,اللجنة الوطنية الفلسطينية : الاحتلال يعلن شعار “توحيد القدس” في خطوة استهدافية تهويدية,2016-02-24 10:10:48,,UNMATCHED,,
db49a6bd-f156-4686-b168-348003505688,“اللجنة الوطنية الفلسطينية” : تهويد المنهاج الفلسطيني في القدس جزء من تهويد المدينة المقدسة,2016-02-24 10:09:09,,UNMATCHED,,
16fa101a-5226-4c49-be7b-40c1a191324c,اللجنة الوطنية الفلسطينية للتربية والثقافة والعلوم تُدين بِناء كنيس يهودي في القدس,2016-02-24 09:39:23,,UNMATCHED,,
6ac0e3a5-1f12-4acb-8e85-ed96584e67e4,بدعم من الألكسو وبالشراكة مع اللجنة الوطنية الفلسطينية للتربية والثقافة والعلوم  إختتام مشروع فرق التنمية المستدامة في مركز الطفل,2016-02-24 09:37:20,2016-02-24 09:37:20,SAME,title,746
9ac7d82c-f7e7-4dec-84ed-0f28e4f45585,اللجنة الوطنية الفلسطينية للتربية والثقافة والعلوم تكرم السيد زياد طاهر اللبدي لانتهاء خدمته,2016-02-24 08:55:40,,UNMATCHED,,
417167d6-f7d1-4282-ad3d-03493dc8dedf,اللجنة الوطنية الفلسطينية تُدين إنتهاكات الإحتلال والمخططات الاحتلالية بحق المؤسسات التعليمية في القدس,2016-02-24 08:47:21,,UNMATCHED,,
81da84ac-d953-4c14-a327-83a8a432a77e,وفد من إتحاد الكتاب الفلسطينيين واللجنة الوطنية يقدمان واجب العزاء لسفير مصر لدى فلسطين,2016-02-24 08:16:39,,UNMATCHED,,
9bc7ecd6-b587-4588-8527-20a9f61435b0,الأوقاف والايسيسكو ووكالة GIZ  يفتتحون برنامج الأرشفة الالكترونية بمؤسسة إحياء التراث,2016-02-17 10:20:06,2016-02-17 10:20:06,SAME,title,614
0b7f73c4-3708-4e65-96c4-913930ce313c,اللجنة الوطنية تكرم الزميلات لمناسبة يوم المرأة العالمي,2016-02-17 10:15:59,2016-02-17 10:15:59,SAME,title,609
6e0492a4-3afa-4733-b151-67e18183fa0f,في إطار التعاون المشترك بين اللجنة الوطنية والهيئة العامة للإذاعة والتلفزيون  السوداني يوقع إتفاقية لدعم مشروع ” ذاكرة القدس”,2016-02-17 10:10:36,2016-02-17 10:10:36,SAME,title,604
d8a78162-5ce7-4404-b2bf-18253d56cebb,السوداني يشارك في إفتتاح  إحتفالات موسم النبي موسى عليه السلام,2016-02-17 09:30:21,2016-02-17 09:30:21,SAME,title,596
8327e85a-1a77-468f-9de9-fe5a904564bf,تحت عنوان “الفرح مقاومة”  السوداني وغنام  تعقدان اجتماعا تحضيريا لإعادة إحياء موسم النبي صالح,2016-02-17 09:18:13,2016-02-17 09:18:13,SAME,title,591
35b8c0b1-e46f-4a6c-81a8-fe3c00b714d5,في اطار التعاون مع الإتحاد العام للكتاب العرب الفلسطينيين في1948    السوداني يوقع إتفاقية لدعم مشروع ” طباعة مختارات من أدب المقاومة الفلسطينية,2016-02-17 10:10:36,2016-02-17 10:10:36,SAME,content,604
e525335b-cd60-4af8-88ba-3556e65fbe75,القدس المفتوحة واللجنة الوطنية يوقعان اتفاقية  لتزويد الجامعة بمختبر مكفوفين,2016-02-17 08:20:30,,UNMATCHED,,
1e29f0e1-a399-4ac5-823b-2bcf0317a638,في إطار التعاون مع وزارة السياحة   السوداني يدعم مشروع تطوير “متحف الدر” في الخليل,2016-02-09 10:58:35,,UNMATCHED,,
202df42a-58ae-45bc-9a7c-50c0aae98cdb,في إطار خطة اللجنة الوطنية إلاستراتيجية لدعم مدينة القدس      السوداني والحسيني يوقعان اتفاقية لدعم مشروع في قرية النبي صموئيل,2016-02-09 10:53:37,,UNMATCHED,,
4a5bd3de-f1b9-4683-acb5-d1d0cc2b8dd8,مرسوم رئاسي يقضي بتعيين مراد السوداني أمين عام للجنة الوطنية بدرجة وكيلA1,2016-02-09 10:49:15,,UNMATCHED,,
5b6b7b4b-e012-4cac-9a64-2cc2b840be31,السوداني يمثل دولة فلسطين في الدورة 103 للمجلس التنفيذي للألكسو,2016-02-09 10:44:49,,UNMATCHED,,
51c284aa-d4f7-456b-8c39-aa726355b2dc,بدعم من (ألكسو)  اللجنة الوطنية وبالتعاون مع وزارة التربية تقدم  2600 حقيبة مدرسية لاطفال غزة,2016-02-09 08:07:53,,UNMATCHED,,
17f3e697-5b69-45a6-99e1-83380fc0e51e,تضمن تزويد رياض الأطفال الحكومية بالأثاث المدرسي وتدريب على مهارات الاتصال والتواصل   وزيرة التربية توقع مذكرة تفاهم مع أمين عام اللجنة الوطنية للتربية والثقافة والعلوم,2016-02-09 07:49:52,2016-02-09 07:49:52,SAME,title,295
5d6997a8-808c-4ea9-a0ef-029e3d293ea6,للجنة الوطنية الفلسطينية تُدين إنتهاكات الإحتلال والمخططات الاحتلالية بحق المؤسسات التعليمية في القدس,2015-11-17 10:46:15,2015-11-17 10:46:15,SAME,title,125
027b5287-b0e0-4aee-974c-2728841e8fbb,اللجنة الوطنية الفلسطينية للتربية والثقافة والعلوم وAction Aid يبحثان التعاون المشترك,2015-11-06 17:22:31,,UNMATCHED,,
5fb8b8cb-0ef9-4adf-821b-3aefc17a6ac6,في إطار خطة اللجنة الوطنية إلاستراتيجية لدعم مدينة القدس      السوداني والحسيني يوقعان اتفاقية لدعم مشروع مؤسسة المرتقى للسيدات,2015-11-06 17:00:24,,UNMATCHED,,
90f82a72-865f-402c-bba9-ab468d27a355,وفد من إتحاد الكتاب الفلسطينيين واللجنة الوطنية يقدمان واجب العزاء لسفير مصر لدى فلسطين,2015-11-06 07:40:11,,UNMATCHED,,
c4caf4f5-34ae-4132-8e62-87bbed93a1ea,إتحاد الكتاب والأدباء الفلسطيني واللجنة الوطنية يقدمان واجب العزاء لسفير تونس بفلسطين,2015-11-06 07:39:09,,UNMATCHED,,
b40c69a3-2a43-4ddf-b649-83d7f32053d7,“اللجنة الوطنية للتراث” تدعو “اليونسكو” للتدخل الفوري لصد اعتداءات الاحتلال على موقع سبسطية الأثري,2025-05-12 11:38:00,,UNMATCHED,,
4194b9af-0ba6-4a71-a886-33435c7003e3,برعاية منظمة “الألكسو”… تونس: “اللجنة الوطنية للتربية والثقافة” و”العربية الأمريكية” تنظمان ورشة لإطلاق إطار التحول الرقمي في الجامعات العربية,2025-04-30 15:00:01,2025-04-30 15:00:01,SAME,guid,12763
180b500b-4ecd-4355-b85c-b4a63a469c2a,“الألكسو” تطلق مبادرة لدعم التعليم في فلسطين,2025-05-01 15:53:50,2025-05-01 15:53:50,SAME,guid,12779
3ba35598-5716-4bec-b0e7-5f499738d46d,الرئيس الفرنسي ماكرون ووزير السياحة والاثار الحايك يفتتحان معرض “كنوز أُنقِذت من غزة: 5000 عام من التاريخ” في باريس,2025-04-14 17:57:37,,UNMATCHED,,
b34d0acc-e8a8-4287-b954-813dc7bd4108,“منظمة التحرير” و”التعليم العالي” تكرمان الفائزين بمسابقة الذاكرة والهوية,2025-04-22 13:36:18,2025-04-22 13:36:18,SAME,guid,12758
f1cd83af-7335-4282-968d-0ad2e759015e,الرئيس الفرنسي ماكرون ووزير السياحة والاثار الحايك يفتتحان معرض “كنوز أُنقِذت من غزة: 5000 عام من التاريخ” في باريس,2025-04-14 17:57:37,,UNMATCHED,,
2414f73f-7573-4ce3-b281-f52b22568acb,إطلاق مشروع المناظرات المدرسية حول المشاركة السياسية للمرأة,2025-04-17 09:52:22,,UNMATCHED,,
wp-13066,سمرقند: أبو زهري أمام اليونسكو: ما يجري في فلسطين حرب إبادة ممنهجة لمحو الهوية والإنسانية,2025-11-01 13:22:31,2025-11-01 13:22:31,SAME,id,13066
wp-13069,أبو زهري يرحب بانضمام الخليل لشبكة اليونسكو للمدن الإبداعية,2025-11-02 10:12:55,2025-11-02 10:12:55,SAME,id,13069
wp-13111,رمضان يستقبل جمعية الحياة البرية ويشيد بجهودها في حماية مكونات الحضارة الفلسطينية,2025-12-17 11:45:22,2025-12-17 11:45:22,SAME,id,13111
wp-13115,"""اللجنة الوطنية للتربية والثقافة"" تعلن عن فتح باب الترشح لبرنامج الزمالات بين ""اليونسكو"" والصين الشعبية",2025-12-17 00:00:00,2025-12-18 15:52:55,UPDATED,id,13115
wp-13132,رمضان والمدني يبحثان سبل تعزيز التعاون الوطني,2026-01-01 22:23:35,2026-01-01 22:23:35,SAME,id,13132
wp-13137,"رمضان يبحث مع حاملي كراسي ""اليونسكو"" سبل تفعيل دورها وتعزيز حضورها الدولي",2026-01-14 07:23:05,2026-01-14 07:23:05,SAME,id,13137
wp-13157,وزير الثقافة يلتقي الأمين العام للجنة الوطنية الفلسطينية ويبحث معه التعاون الثقافي المشترك,2026-01-30 08:07:25,2026-01-30 08:07:25,SAME,id,13157
wp-13161,لقاء مع أمين اللجنة الوطنية الفلسطينية للتربية والعلوم والثقافة د.جهاد رمضان,2026-01-30 08:15:21,2026-01-30 08:15:21,SAME,id,13161
9dab73f9-b6c4-4918-886e-3e4b8ff69c00,"""اللجنة الوطنية الفلسطينية للتربية والثقافة"" تستقبل عضوي اللجنة التنفيذية الأحمد ورباح لبحث تكامل الجهود الوطنية وتعزيز التمثيل الدولي",2026-02-22 16:48:02,,UNMATCHED,,
e888ed35-c525-400d-8973-e3be8e9f07d8,أبو زهري يستقبل سفير تونس لدى فلسطين لبحث تنسيق المواقف العربية في مجالات التربية والثقافة,2026-01-26 11:02:50,,UNMATCHED,,
